socialMedia,time,count
byu.id,2022-02-15,74
byu.id,2022-02-14,66
byu.id,2022-02-11,268
byu.id,2022-02-12,199
byu.id,2022-02-13,48
byu.id,2022-02-10,84
byu.id,2022-02-09,55
byu.id,2022-02-07,107
byu.id,2022-02-08,53
byu.id,2022-02-04,60
byu.id,2022-02-06,34
byu.id,2022-02-05,34
byu.id,2022-02-03,24
myxl,2022-02-14,38
myxl,2022-02-15,33
myxl,2022-02-13,94
myxl,2022-02-12,60
myxl,2022-02-11,66
myxl,2022-02-10,50
myxl,2022-02-09,71
myxl,2022-02-08,83
myxl,2022-02-07,55
myxl,2022-02-06,55
myxl,2022-02-05,31
myxl,2022-02-04,20
telkomsel,2022-02-15,97
telkomsel,2022-02-14,187
telkomsel,2022-02-13,232
telkomsel,2022-02-12,290
telkomsel,2022-02-11,389
telkomsel,2022-02-10,232
telkomsel,2022-02-09,283
telkomsel,2022-02-08,285
telkomsel,2022-02-07,247
telkomsel,2022-02-06,81
twitter_status,2021-01-01,11
twitter_status,2021-01-10,5
twitter_status,2021-01-16,1
twitter_status,2021-01-18,7
twitter_status,2021-01-19,24
twitter_status,2021-02-05,185
twitter_status,2021-01-29,3
twitter_status,2021-01-31,7
twitter_status,2021-01-28,4
twitter_status,2021-02-06,17
twitter_status,2021-02-12,3
twitter_status,2021-02-08,7
twitter_status,2021-03-04,13
twitter_status,2021-03-01,43
twitter_status,2021-03-02,21
twitter_status,2021-03-03,67
twitter_status,2021-03-12,27
twitter_status,2021-03-06,20
twitter_status,2021-03-11,12
twitter_status,2021-03-07,35
twitter_status,2021-03-05,13
twitter_status,2021-03-09,62
twitter_status,2021-03-08,28
twitter_status,2021-03-22,29
twitter_status,2021-03-20,39
twitter_status,2021-03-18,35
twitter_status,2021-03-19,40
twitter_status,2021-03-15,30
twitter_status,2021-03-17,81
twitter_status,2021-03-16,35
twitter_status,2021-03-26,27
twitter_status,2021-03-31,6
twitter_status,2021-03-23,11
twitter_status,2021-03-28,41
twitter_status,2021-03-30,5
twitter_status,2021-03-24,11
twitter_status,2021-03-25,13
twitter_status,2021-03-27,17
twitter_status,2021-03-29,4
twitter_status,2021-04-06,9
twitter_status,2021-04-01,7
twitter_status,2021-04-02,10
twitter_status,2021-04-08,8
twitter_status,2021-04-09,17
twitter_status,2021-04-03,27
twitter_status,2021-04-05,28
twitter_status,2021-04-07,12
twitter_status,2021-04-14,78
twitter_status,2021-04-16,94
twitter_status,2021-04-15,116
twitter_status,2021-04-18,77
twitter_status,2021-04-17,39
twitter_status,2021-04-13,24
twitter_status,2021-04-12,34
twitter_status,2021-04-10,7
twitter_status,2021-04-23,52
twitter_status,2021-04-21,62
twitter_status,2021-04-26,67
twitter_status,2021-04-22,47
twitter_status,2021-04-24,37
twitter_status,2021-04-25,54
twitter_status,2021-04-27,17
twitter_status,2021-04-19,49
twitter_status,2021-04-20,76
twitter_status,2021-05-01,59
twitter_status,2021-05-04,60
twitter_status,2021-05-03,31
twitter_status,2021-05-06,38
twitter_status,2021-05-02,31
twitter_status,2021-05-05,40
twitter_status,2021-04-30,46
twitter_status,2021-04-29,100
twitter_status,2021-04-28,42
twitter_status,2021-05-15,68
twitter_status,2021-05-10,31
twitter_status,2021-05-11,12
twitter_status,2021-05-12,102
twitter_status,2021-05-14,48
twitter_status,2021-05-13,83
twitter_status,2021-05-09,17
twitter_status,2021-05-08,38
twitter_status,2021-05-07,60
twitter_status,2021-05-20,15
twitter_status,2021-05-21,37
twitter_status,2021-05-18,8
twitter_status,2021-05-19,7
twitter_status,2021-05-16,21
twitter_status,2021-05-24,5
twitter_status,2021-05-17,15
twitter_status,2021-06-01,26
twitter_status,2021-05-29,15
twitter_status,2021-05-31,10
twitter_status,2021-05-30,7
twitter_status,2021-05-26,8
twitter_status,2021-06-11,65
twitter_status,2021-06-10,31
twitter_status,2021-06-04,5
twitter_status,2021-06-09,11
twitter_status,2021-06-16,24
twitter_status,2021-06-12,19
twitter_status,2021-06-18,58
twitter_status,2021-06-19,24
twitter_status,2021-06-20,6
twitter_status,2021-06-14,14
twitter_status,2021-06-13,4
twitter_status,2021-06-15,22
twitter_status,2021-06-17,37
twitter_status,2021-06-21,21
twitter_status,2021-06-22,11
twitter_status,2021-06-25,7
twitter_status,2021-07-01,83
twitter_status,2021-07-08,15
twitter_status,2021-07-02,24
twitter_status,2021-07-04,7
twitter_status,2021-07-09,10
twitter_status,2021-07-13,926
twitter_status,2021-07-15,21
twitter_status,2021-07-14,109
twitter_status,2021-07-17,10
twitter_status,2021-07-26,115
twitter_status,2021-07-20,25
twitter_status,2021-07-19,10
twitter_status,2021-07-18,29
twitter_status,2021-07-23,9
twitter_status,2021-07-28,77
twitter_status,2021-07-27,80
twitter_status,2021-07-29,37
twitter_status,2021-08-15,7
twitter_status,2021-08-17,11
twitter_status,2021-08-22,12
twitter_status,2021-08-14,16
twitter_status,2021-08-26,10
twitter_status,2021-08-30,4
twitter_status,2021-08-27,10
twitter_status,2021-08-29,2
twitter_status,2021-08-31,33
twitter_status,2021-08-23,19
twitter_status,2021-09-01,10
twitter_status,2021-09-06,11
twitter_status,2021-09-05,41
twitter_status,2021-09-04,153
twitter_status,2021-09-07,20
twitter_status,2021-09-03,11
twitter_status,2021-09-12,6
twitter_status,2021-09-18,4
twitter_status,2021-09-10,10
twitter_status,2021-09-14,7
twitter_status,2021-09-17,17
twitter_status,2021-09-11,4
twitter_status,2021-09-25,8
twitter_status,2021-09-26,9
twitter_status,2021-09-19,4
twitter_status,2021-09-21,8
twitter_status,2021-10-05,30
twitter_status,2021-10-02,16
twitter_status,2021-10-03,10
twitter_status,2021-10-13,9
twitter_status,2021-10-12,6
twitter_status,2021-10-18,9
twitter_status,2021-10-19,12
twitter_status,2021-10-17,6
twitter_status,2021-10-16,8
twitter_status,2021-10-26,8
twitter_status,2021-10-28,9
twitter_status,2021-11-09,38
twitter_status,2021-11-03,14
twitter_status,2021-12-25,136
twitter_status,2021-01-03,36
twitter_status,2021-01-04,3
twitter_status,2021-01-09,1
twitter_status,2021-01-02,41
twitter_status,2021-01-21,13
twitter_status,2021-01-20,6
twitter_status,2021-01-26,5
twitter_status,2021-01-27,6
twitter_status,2021-02-09,10
twitter_status,2021-02-11,5
twitter_status,2021-02-10,2
twitter_status,2021-02-28,7
twitter_status,2021-02-27,3
twitter_status,2021-02-25,11
twitter_status,2021-02-26,9
twitter_status,2021-02-24,44
twitter_status,2021-03-13,1
twitter_status,2021-03-10,14
twitter_status,2021-03-21,9
twitter_status,2021-04-04,16
twitter_status,2021-04-11,6
twitter_status,2021-05-22,19
twitter_status,2021-05-23,7
twitter_status,2021-06-02,14
twitter_status,2021-05-27,8
twitter_status,2021-06-08,2
twitter_status,2021-06-26,18
twitter_status,2021-06-27,9
twitter_status,2021-06-28,7
twitter_status,2021-06-29,5
twitter_status,2021-06-24,6
twitter_status,2021-06-23,3
twitter_status,2021-07-06,8
twitter_status,2021-07-05,13
twitter_status,2021-07-07,3
twitter_status,2021-07-03,7
twitter_status,2021-06-30,11
twitter_status,2021-07-16,7
twitter_status,2021-07-12,34
twitter_status,2021-07-11,19
twitter_status,2021-07-10,1
twitter_status,2021-07-22,7
twitter_status,2021-07-24,5
twitter_status,2021-07-21,5
twitter_status,2021-07-31,10
twitter_status,2021-08-04,6
twitter_status,2021-08-01,3
twitter_status,2021-08-03,4
twitter_status,2021-08-02,5
twitter_status,2021-07-30,13
twitter_status,2021-08-05,117
twitter_status,2021-08-09,10
twitter_status,2021-08-08,11
twitter_status,2021-08-10,3
twitter_status,2021-08-13,7
twitter_status,2021-08-06,49
twitter_status,2021-08-07,6
twitter_status,2021-08-20,3
twitter_status,2021-08-18,2
twitter_status,2021-08-16,4
twitter_status,2021-08-21,3
twitter_status,2021-08-28,4
twitter_status,2021-08-24,13
twitter_status,2021-08-25,5
twitter_status,2021-09-08,7
twitter_status,2021-09-09,6
twitter_status,2021-09-02,7
twitter_status,2021-09-16,8
twitter_status,2021-09-15,9
twitter_status,2021-09-23,18
twitter_status,2021-09-27,3
twitter_status,2021-09-22,12
twitter_status,2021-10-06,3
twitter_status,2021-10-04,10
twitter_status,2021-09-28,5
twitter_status,2021-10-07,9
twitter_status,2021-10-09,5
twitter_status,2021-10-14,9
twitter_status,2021-10-08,8
twitter_status,2021-10-10,2
twitter_status,2021-10-21,8
twitter_status,2021-10-23,6
twitter_status,2021-10-22,5
twitter_status,2021-10-24,3
twitter_status,2021-10-27,4
twitter_status,2021-10-31,11
twitter_status,2021-10-29,10
twitter_status,2021-10-30,11
twitter_status,2021-11-07,15
twitter_status,2021-11-11,10
twitter_status,2021-11-10,18
twitter_status,2021-11-04,8
twitter_status,2021-11-06,4
twitter_status,2021-11-08,10
twitter_status,2021-11-20,7
twitter_status,2021-11-23,9
twitter_status,2021-11-24,6
twitter_status,2021-11-21,4
twitter_status,2021-11-22,7
twitter_status,2021-11-26,2
twitter_status,2021-12-06,581
twitter_status,2021-12-03,70
twitter_status,2021-12-11,4369
twitter_status,2021-12-17,2461
twitter_status,2021-12-10,6048
twitter_status,2021-12-13,823
twitter_status,2021-12-26,122
twitter_status,2021-12-18,797
twitter_status,2021-12-21,658
twitter_status,2021-12-20,1115
twitter_status,2021-12-28,1957
twitter_status,2021-12-27,841
twitter_status,2020-01-07,6
twitter_status,2020-01-14,24
twitter_status,2020-02-01,7
twitter_status,2020-02-05,234
twitter_status,2020-02-03,5
twitter_status,2020-01-28,3
twitter_status,2020-02-12,17
twitter_status,2020-02-11,21
twitter_status,2020-03-02,44
twitter_status,2020-03-12,20
twitter_status,2020-03-18,22
twitter_status,2020-03-14,11
twitter_status,2020-03-19,15
twitter_status,2020-03-20,5
twitter_status,2020-03-16,11
twitter_status,2020-03-24,358
twitter_status,2020-03-27,490
twitter_status,2020-03-29,19
twitter_status,2020-03-28,93
twitter_status,2020-03-25,11
twitter_status,2020-03-30,11
twitter_status,2020-03-22,504
twitter_status,2020-03-31,21
twitter_status,2020-04-04,7
twitter_status,2020-04-08,14
twitter_status,2020-04-13,162
twitter_status,2020-04-12,149
twitter_status,2020-04-22,513
twitter_status,2020-04-23,221
twitter_status,2020-04-25,15
twitter_status,2020-04-18,13
twitter_status,2020-04-26,4
twitter_status,2020-05-03,24
twitter_status,2020-05-01,4
twitter_status,2020-05-05,6
twitter_status,2020-05-04,11
twitter_status,2020-04-27,5
twitter_status,2020-04-29,2
twitter_status,2020-05-02,8
twitter_status,2020-04-30,3
twitter_status,2020-05-08,6
twitter_status,2020-05-11,5
twitter_status,2020-05-09,3
twitter_status,2020-05-14,7
twitter_status,2020-05-13,4
twitter_status,2020-05-06,3
twitter_status,2020-05-10,5
twitter_status,2020-05-12,3
twitter_status,2020-05-07,7
twitter_status,2020-05-23,728
twitter_status,2020-05-17,58
twitter_status,2020-05-18,9
twitter_status,2020-05-22,32
twitter_status,2020-05-21,108
twitter_status,2020-05-19,10
twitter_status,2020-05-20,4
twitter_status,2020-05-15,7
twitter_status,2020-05-16,11
twitter_status,2020-05-31,13
twitter_status,2020-05-24,22
twitter_status,2020-05-30,12
twitter_status,2020-06-08,23
twitter_status,2020-06-06,15
twitter_status,2020-06-09,24
twitter_status,2020-06-10,20
twitter_status,2020-06-17,6
twitter_status,2020-06-18,2
twitter_status,2020-06-13,4
twitter_status,2020-06-14,12
twitter_status,2020-06-16,4
twitter_status,2020-06-20,15
twitter_status,2020-06-21,8
twitter_status,2020-06-28,3
twitter_status,2020-07-06,129
twitter_status,2020-07-07,33
twitter_status,2020-07-04,5
twitter_status,2020-07-05,3
twitter_status,2020-07-13,179
twitter_status,2020-07-12,9
twitter_status,2020-07-11,3
twitter_status,2020-07-16,12
twitter_status,2020-07-18,71
twitter_status,2020-07-17,7
twitter_status,2020-07-19,7
twitter_status,2020-07-25,5
twitter_status,2020-07-29,10
twitter_status,2020-07-31,2
twitter_status,2020-08-02,5
twitter_status,2020-08-08,6
twitter_status,2020-08-20,8
twitter_status,2020-08-17,3
twitter_status,2020-08-31,9
twitter_status,2020-10-04,8
twitter_status,2020-09-28,45
twitter_status,2020-09-27,44
twitter_status,2020-10-02,11
twitter_status,2020-09-29,11
twitter_status,2020-10-05,9
twitter_status,2020-10-09,123
twitter_status,2020-10-15,8
twitter_status,2020-10-23,18
twitter_status,2020-10-29,12
twitter_status,2020-11-05,8
twitter_status,2020-11-06,56
twitter_status,2020-11-12,35
twitter_status,2020-11-13,40
twitter_status,2020-11-19,4
twitter_status,2020-11-21,8
twitter_status,2020-11-24,46
twitter_status,2020-11-26,7
twitter_status,2020-11-23,8
twitter_status,2020-12-04,5
twitter_status,2020-12-03,8
twitter_status,2020-11-30,4
twitter_status,2020-12-12,4
twitter_status,2020-12-13,7
twitter_status,2020-12-25,5
twitter_status,2020-12-30,22
twitter_status,2020-01-05,8
twitter_status,2020-01-04,7
twitter_status,2020-01-03,2
twitter_status,2020-01-02,2
twitter_status,2020-01-08,3
twitter_status,2020-01-06,1
twitter_status,2020-01-09,1
twitter_status,2020-01-17,16
twitter_status,2020-01-16,4
twitter_status,2020-01-15,3
twitter_status,2020-01-12,4
twitter_status,2020-01-11,13
twitter_status,2020-01-13,9
twitter_status,2020-01-10,7
twitter_status,2020-01-25,6
twitter_status,2020-01-24,9
twitter_status,2020-01-27,3
twitter_status,2020-01-26,3
twitter_status,2020-01-20,3
twitter_status,2020-01-22,4
twitter_status,2020-01-19,1
twitter_status,2020-01-23,1
twitter_status,2020-02-04,2
twitter_status,2020-01-31,3
twitter_status,2020-01-29,2
twitter_status,2020-02-13,2
twitter_status,2020-02-14,5
twitter_status,2020-02-09,5
twitter_status,2020-02-10,1
twitter_status,2020-02-06,3
twitter_status,2020-02-08,6
twitter_status,2020-02-07,2
twitter_status,2020-02-20,3
twitter_status,2020-02-19,5
twitter_status,2020-02-22,3
twitter_status,2020-02-21,1
twitter_status,2020-02-23,1
twitter_status,2020-03-03,6
twitter_status,2020-03-01,40
twitter_status,2020-02-29,2
twitter_status,2020-02-27,1
twitter_status,2020-02-24,62
twitter_status,2020-02-26,4
twitter_status,2020-02-25,1
twitter_status,2020-02-28,1
twitter_status,2020-03-11,23
twitter_status,2020-03-05,4
twitter_status,2020-03-10,1
twitter_status,2020-03-06,2
twitter_status,2020-03-04,2
twitter_status,2020-03-08,3
twitter_status,2020-03-07,1
twitter_status,2020-03-21,1
twitter_status,2020-03-17,4
twitter_status,2020-03-15,7
twitter_status,2020-03-13,9
twitter_status,2020-03-26,13
twitter_status,2020-03-23,48
twitter_status,2020-04-07,4
twitter_status,2020-04-06,3
twitter_status,2020-04-01,10
twitter_status,2020-04-05,3
twitter_status,2020-04-02,8
twitter_status,2020-04-03,1
twitter_status,2020-04-14,28
twitter_status,2020-04-16,4
twitter_status,2020-04-15,5
twitter_status,2020-04-09,7
twitter_status,2020-04-10,1
twitter_status,2020-04-24,17
twitter_status,2020-04-20,8
twitter_status,2020-04-19,8
twitter_status,2020-04-28,8
twitter_status,2021-12-12,1247
twitter_status,2021-11-29,13
twitter_status,2021-11-15,2
twitter_status,2020-05-26,2
twitter_status,2020-05-29,1
twitter_status,2020-06-02,5
twitter_status,2020-06-03,2
twitter_status,2020-06-22,2
twitter_status,2020-06-27,2
twitter_status,2020-07-01,4
twitter_status,2020-06-29,1
twitter_status,2020-06-30,1
twitter_status,2020-07-15,130
twitter_status,2020-07-14,21
twitter_status,2020-07-10,3
twitter_status,2020-07-09,3
twitter_status,2020-07-08,4
twitter_status,2020-07-20,3
twitter_status,2020-07-21,1
twitter_status,2020-07-28,1
twitter_status,2020-07-26,3
twitter_status,2020-07-27,1
twitter_status,2020-08-10,27
twitter_status,2020-08-11,4
twitter_status,2020-08-12,1
twitter_status,2020-08-06,1
twitter_status,2020-08-09,2
twitter_status,2020-08-18,1
twitter_status,2020-08-19,9
twitter_status,2020-08-21,3
twitter_status,2020-08-15,1
twitter_status,2020-08-23,29
twitter_status,2020-08-24,7
twitter_status,2020-08-22,5
twitter_status,2020-09-04,2
twitter_status,2020-09-02,1
twitter_status,2020-09-03,1
twitter_status,2020-09-08,1
twitter_status,2020-09-17,4
twitter_status,2020-09-12,1
twitter_status,2020-09-14,1
twitter_status,2020-09-30,1
twitter_status,2020-10-03,1
twitter_status,2020-10-01,1
twitter_status,2020-09-26,1
twitter_status,2020-10-14,2
twitter_status,2020-10-10,21
twitter_status,2020-10-11,2
twitter_status,2020-10-13,1
twitter_status,2020-10-12,1
twitter_status,2020-10-06,7
twitter_status,2020-10-08,1
twitter_status,2020-10-22,2
twitter_status,2020-10-20,8
twitter_status,2020-10-21,3
twitter_status,2020-10-19,31
twitter_status,2020-10-17,3
twitter_status,2020-10-16,1
twitter_status,2020-10-27,4
twitter_status,2020-10-30,2
twitter_status,2020-10-26,12
twitter_status,2020-10-31,1
twitter_status,2020-11-01,1
twitter_status,2020-10-24,1
twitter_status,2020-10-25,6
twitter_status,2020-11-10,1
twitter_status,2020-11-04,3
twitter_status,2020-11-02,5
twitter_status,2020-11-03,1
twitter_status,2020-11-15,6
twitter_status,2020-11-16,7
twitter_status,2020-11-17,5
twitter_status,2020-11-14,1
twitter_status,2020-11-25,15
twitter_status,2020-11-28,1
twitter_status,2020-11-27,2
twitter_status,2020-12-01,1
twitter_status,2020-12-02,2
twitter_status,2020-12-05,1
twitter_status,2020-12-15,4
twitter_status,2020-12-08,2
twitter_status,2020-12-24,6
twitter_status,2020-12-19,4
twitter_status,2020-12-20,1
twitter_status,2020-12-31,1
twitter_status,2020-12-28,1
twitter_status,2019-01-30,29
twitter_status,2019-02-07,11
twitter_status,2019-03-01,20
twitter_status,2019-03-02,16
twitter_status,2019-03-07,20
twitter_status,2019-03-10,34
twitter_status,2019-03-12,338
twitter_status,2019-03-09,16
twitter_status,2019-03-05,12
twitter_status,2019-03-08,18
twitter_status,2019-03-22,20
twitter_status,2019-03-21,114
twitter_status,2019-03-19,40
twitter_status,2019-03-17,101
twitter_status,2019-03-15,37
twitter_status,2019-03-16,33
twitter_status,2019-03-24,85
twitter_status,2019-03-26,3
twitter_status,2019-03-25,10
twitter_status,2019-03-23,12
twitter_status,2019-04-01,26
twitter_status,2019-05-27,20
twitter_status,2019-07-08,24
twitter_status,2019-07-01,17
twitter_status,2019-07-12,7
twitter_status,2019-07-10,7
twitter_status,2019-07-17,4
twitter_status,2019-07-22,11
twitter_status,2019-07-29,9
twitter_status,2019-08-12,12
twitter_status,2019-08-06,5
twitter_status,2019-08-20,9
twitter_status,2019-08-26,14
twitter_status,2019-08-30,6
twitter_status,2019-09-02,85
twitter_status,2019-09-01,208
twitter_status,2019-09-09,4
twitter_status,2019-09-14,29
twitter_status,2019-09-18,9
twitter_status,2019-09-17,12
twitter_status,2019-09-16,37
twitter_status,2019-09-13,13
twitter_status,2019-09-23,10
twitter_status,2019-09-24,6
twitter_status,2019-09-19,11
twitter_status,2019-09-27,10
twitter_status,2019-10-06,14
twitter_status,2019-09-29,17
twitter_status,2019-10-02,4
twitter_status,2019-09-30,5
twitter_status,2019-10-11,30
twitter_status,2019-10-07,47
twitter_status,2019-10-09,14
twitter_status,2019-10-14,11
twitter_status,2019-10-19,25
twitter_status,2019-10-18,24
twitter_status,2019-10-16,54
twitter_status,2019-10-21,18
twitter_status,2019-10-22,8
twitter_status,2019-10-28,9
twitter_status,2019-10-31,19
twitter_status,2019-10-25,13
twitter_status,2019-11-01,12
twitter_status,2019-10-27,49
twitter_status,2019-10-30,10
twitter_status,2019-10-29,5
twitter_status,2019-11-05,12
twitter_status,2019-11-08,24
twitter_status,2019-11-06,11
twitter_status,2019-11-11,9
twitter_status,2019-11-15,39
twitter_status,2019-11-18,17
twitter_status,2019-11-14,12
twitter_status,2019-11-13,13
twitter_status,2019-11-24,6
twitter_status,2019-11-21,6
twitter_status,2019-11-22,2
twitter_status,2019-11-26,9
twitter_status,2019-11-25,4
twitter_status,2019-12-06,60
twitter_status,2019-12-07,27
twitter_status,2019-12-05,21
twitter_status,2019-12-08,8
twitter_status,2019-12-03,12
twitter_status,2019-01-03,6
twitter_status,2019-01-02,2
twitter_status,2019-01-04,6
twitter_status,2019-01-07,1
twitter_status,2019-01-17,4
twitter_status,2019-01-11,2
twitter_status,2019-01-15,4
twitter_status,2019-01-16,1
twitter_status,2019-01-14,1
twitter_status,2019-01-10,1
twitter_status,2019-01-12,1
twitter_status,2019-01-27,22
twitter_status,2019-01-26,9
twitter_status,2019-01-25,21
twitter_status,2019-01-24,2
twitter_status,2019-01-23,7
twitter_status,2019-01-22,73
twitter_status,2019-01-21,2
twitter_status,2019-02-04,7
twitter_status,2019-02-05,3
twitter_status,2019-02-01,1
twitter_status,2019-02-02,1
twitter_status,2019-01-29,62
twitter_status,2019-01-28,3
twitter_status,2019-02-11,36
twitter_status,2019-02-12,2
twitter_status,2019-02-13,1
twitter_status,2019-02-08,2
twitter_status,2019-02-06,21
twitter_status,2019-02-18,37
twitter_status,2019-02-19,7
twitter_status,2019-02-21,5
twitter_status,2019-02-22,2
twitter_status,2019-02-20,1
twitter_status,2019-02-16,2
twitter_status,2019-02-15,1
twitter_status,2019-03-04,17
twitter_status,2019-03-03,4
twitter_status,2019-02-28,5
twitter_status,2019-02-27,17
twitter_status,2019-02-25,1
twitter_status,2019-02-24,1
twitter_status,2019-02-26,1
twitter_status,2019-03-13,58
twitter_status,2019-03-11,37
twitter_status,2019-03-06,16
twitter_status,2019-03-20,5
twitter_status,2019-03-18,29
twitter_status,2019-03-14,26
twitter_status,2019-03-31,6
twitter_status,2019-03-29,1
twitter_status,2019-03-30,5
twitter_status,2019-03-28,1
twitter_status,2019-03-27,2
twitter_status,2019-04-05,2
twitter_status,2019-04-03,17
twitter_status,2019-04-04,4
twitter_status,2019-04-09,3
twitter_status,2019-04-06,1
twitter_status,2019-04-08,1
twitter_status,2019-04-07,2
twitter_status,2019-04-02,78
twitter_status,2019-04-17,17
twitter_status,2019-04-16,1
twitter_status,2019-04-15,3
twitter_status,2019-04-10,5
twitter_status,2019-04-12,1
twitter_status,2019-04-11,1
twitter_status,2019-04-13,1
twitter_status,2019-04-22,8
twitter_status,2019-04-23,2
twitter_status,2019-04-25,3
twitter_status,2019-04-26,6
twitter_status,2019-04-24,5
twitter_status,2019-04-27,1
twitter_status,2019-04-21,5
twitter_status,2019-04-20,1
twitter_status,2019-04-30,7
twitter_status,2019-05-05,3
twitter_status,2019-05-06,4
twitter_status,2019-05-01,4
twitter_status,2019-05-02,1
twitter_status,2019-04-29,1
twitter_status,2019-05-14,5
twitter_status,2019-05-12,4
twitter_status,2019-05-21,14
twitter_status,2019-05-22,2
twitter_status,2019-05-20,24
twitter_status,2019-05-23,1
twitter_status,2019-05-19,67
twitter_status,2019-05-17,1
twitter_status,2019-05-31,1
twitter_status,2019-05-30,1
twitter_status,2019-05-28,1
twitter_status,2019-06-02,2
twitter_status,2019-05-26,2
twitter_status,2019-06-04,3
twitter_status,2019-06-08,1
twitter_status,2019-06-10,1
twitter_status,2019-06-05,2
twitter_status,2019-06-03,1
twitter_status,2019-06-18,7
twitter_status,2019-06-19,4
twitter_status,2019-06-20,3
twitter_status,2019-06-17,1
twitter_status,2019-06-12,6
twitter_status,2019-06-13,1
twitter_status,2019-06-29,19
twitter_status,2019-06-26,2
twitter_status,2019-06-28,1
twitter_status,2019-06-21,1
twitter_status,2019-06-25,1
twitter_status,2019-06-24,3
twitter_status,2019-06-22,1
twitter_status,2019-07-05,1
twitter_status,2019-07-07,2
twitter_status,2019-07-04,3
twitter_status,2019-07-06,1
twitter_status,2019-07-03,6
twitter_status,2019-07-02,4
twitter_status,2019-06-30,13
twitter_status,2019-07-16,8
twitter_status,2019-07-15,14
twitter_status,2019-07-14,84
twitter_status,2019-07-13,154
twitter_status,2019-07-09,3
twitter_status,2019-07-11,6
twitter_status,2019-07-23,5
twitter_status,2019-07-26,9
twitter_status,2019-07-24,3
twitter_status,2019-07-18,6
twitter_status,2019-07-19,2
twitter_status,2019-07-20,1
twitter_status,2019-08-03,13
twitter_status,2019-08-04,3
twitter_status,2019-08-02,5
twitter_status,2019-08-01,1
twitter_status,2019-07-28,5
twitter_status,2019-07-31,9
twitter_status,2019-07-27,4
twitter_status,2019-08-10,4
twitter_status,2019-08-13,3
twitter_status,2019-08-09,4
twitter_status,2019-08-08,16
twitter_status,2019-08-07,4
twitter_status,2019-08-05,5
twitter_status,2019-08-14,3
twitter_status,2019-08-21,1
twitter_status,2019-08-22,4
twitter_status,2019-08-15,1
twitter_status,2019-08-17,1
twitter_status,2019-08-19,2
twitter_status,2019-08-31,66
twitter_status,2019-08-27,3
twitter_status,2019-08-24,4
twitter_status,2019-08-25,1
twitter_status,2019-08-23,1
twitter_status,2019-09-06,4
twitter_status,2019-09-04,15
twitter_status,2019-09-07,4
twitter_status,2019-09-05,1
twitter_status,2019-09-08,3
twitter_status,2019-09-03,14
twitter_status,2019-09-15,6
twitter_status,2019-09-12,7
twitter_status,2019-09-11,1
twitter_status,2019-09-25,1
twitter_status,2019-09-26,2
twitter_status,2019-09-20,18
twitter_status,2019-10-05,8
twitter_status,2019-10-04,8
twitter_status,2019-10-03,9
twitter_status,2019-10-01,2
twitter_status,2019-09-28,1
twitter_status,2019-10-15,3
twitter_status,2019-10-13,1
twitter_status,2019-10-24,5
twitter_status,2019-10-23,3
twitter_status,2019-10-20,11
twitter_status,2019-10-17,1
twitter_status,2019-11-02,6
twitter_status,2019-10-26,43
twitter_status,2019-11-10,1
twitter_status,2019-11-07,3
twitter_status,2019-11-03,13
twitter_status,2019-11-04,2
twitter_status,2019-11-20,12
twitter_status,2019-11-19,3
twitter_status,2019-11-16,5
twitter_status,2019-11-17,2
twitter_status,2019-11-12,2
twitter_status,2019-11-27,2
twitter_status,2019-11-28,4
twitter_status,2019-11-23,25
twitter_status,2019-11-29,2
twitter_status,2019-12-04,6
twitter_status,2019-12-01,1
twitter_status,2019-12-02,2
twitter_status,2019-12-15,131
twitter_status,2019-12-16,52
twitter_status,2019-12-17,3
twitter_status,2019-12-14,37
twitter_status,2019-12-13,2
twitter_status,2019-12-12,9
twitter_status,2019-12-11,6
twitter_status,2019-12-09,1
twitter_status,2019-12-24,13
twitter_status,2019-12-25,11
twitter_status,2019-12-21,3
twitter_status,2019-12-26,8
twitter_status,2019-12-23,11
twitter_status,2019-12-20,9
twitter_status,2019-12-18,2
twitter_status,2019-12-30,14
twitter_status,2019-12-31,2
twitter_status,2019-12-27,4
twitter_status,2019-12-28,1
twitter_status,2019-12-29,2
twitter_status,2018-01-09,42
twitter_status,2018-01-07,10
twitter_status,2018-01-11,77
twitter_status,2018-01-12,30
twitter_status,2018-01-10,3
twitter_status,2018-01-22,7
twitter_status,2018-01-30,5
twitter_status,2018-02-10,7
twitter_status,2018-02-09,13
twitter_status,2018-02-21,6
twitter_status,2018-04-25,5
twitter_status,2018-04-21,12
twitter_status,2018-05-14,11
twitter_status,2018-07-14,51
twitter_status,2018-07-13,150
twitter_status,2018-08-13,13
twitter_status,2018-08-08,15
twitter_status,2018-08-11,11
twitter_status,2018-12-17,7
twitter_status,2018-12-18,28
twitter_status,2018-12-19,14
twitter_status,2018-01-06,1
twitter_status,2018-01-08,5
twitter_status,2018-01-02,2
twitter_status,2018-01-13,5
twitter_status,2018-01-16,2
twitter_status,2018-01-15,2
twitter_status,2018-01-18,2
twitter_status,2018-01-20,3
twitter_status,2018-02-03,3
twitter_status,2018-02-05,2
twitter_status,2018-01-31,1
twitter_status,2018-02-11,2
twitter_status,2018-02-06,1
twitter_status,2018-02-13,1
twitter_status,2018-02-23,1
twitter_status,2018-02-18,1
twitter_status,2018-02-22,2
twitter_status,2018-03-04,9
twitter_status,2018-02-28,9
twitter_status,2018-03-02,3
twitter_status,2018-03-13,6
twitter_status,2018-03-09,3
twitter_status,2018-03-11,2
twitter_status,2018-03-06,1
twitter_status,2018-03-05,1
twitter_status,2018-03-14,5
twitter_status,2018-03-20,3
twitter_status,2018-03-17,4
twitter_status,2018-03-19,2
twitter_status,2018-03-16,4
twitter_status,2018-03-27,2
twitter_status,2018-03-24,2
twitter_status,2018-03-31,1
twitter_status,2018-03-25,3
twitter_status,2018-03-23,1
twitter_status,2018-03-30,1
twitter_status,2018-04-09,8
twitter_status,2018-04-02,2
twitter_status,2018-04-04,4
twitter_status,2018-04-05,1
twitter_status,2018-04-07,3
twitter_status,2018-04-01,1
twitter_status,2018-04-13,6
twitter_status,2018-04-10,1
twitter_status,2018-04-20,6
twitter_status,2018-04-23,3
twitter_status,2018-04-27,2
twitter_status,2018-04-22,2
twitter_status,2018-04-28,19
twitter_status,2018-05-05,4
twitter_status,2018-04-29,3
twitter_status,2018-04-30,1
twitter_status,2018-05-15,8
twitter_status,2018-05-24,9
twitter_status,2018-05-20,2
twitter_status,2018-05-18,3
twitter_status,2018-05-17,8
twitter_status,2018-05-30,13
twitter_status,2018-06-01,2
twitter_status,2018-05-25,2
twitter_status,2018-05-27,2
twitter_status,2018-06-02,1
twitter_status,2018-05-29,2
twitter_status,2018-06-05,3
twitter_status,2018-06-11,13
twitter_status,2018-06-03,2
twitter_status,2018-06-06,2
twitter_status,2018-06-08,1
twitter_status,2018-06-17,2
twitter_status,2018-06-16,2
twitter_status,2018-06-12,2
twitter_status,2018-06-19,2
twitter_status,2018-06-15,1
twitter_status,2018-06-14,1
twitter_status,2018-06-25,4
twitter_status,2018-06-29,8
twitter_status,2018-06-22,2
twitter_status,2018-06-26,2
twitter_status,2018-06-23,1
twitter_status,2018-06-24,2
twitter_status,2018-07-02,2
twitter_status,2018-07-07,1
twitter_status,2018-07-04,1
twitter_status,2018-07-01,3
twitter_status,2018-07-03,4
twitter_status,2018-07-05,3
twitter_status,2018-06-30,1
twitter_status,2018-07-06,1
twitter_status,2018-07-15,6
twitter_status,2018-07-12,35
twitter_status,2018-07-10,2
twitter_status,2018-07-31,2
twitter_status,2018-07-27,2
twitter_status,2018-08-04,2
twitter_status,2018-07-28,1
twitter_status,2018-08-03,1
twitter_status,2018-08-01,2
twitter_status,2018-08-02,1
twitter_status,2018-08-12,5
twitter_status,2018-08-07,4
twitter_status,2018-08-09,2
twitter_status,2018-08-05,5
twitter_status,2018-08-06,2
twitter_status,2018-08-18,16
twitter_status,2018-08-17,5
twitter_status,2018-08-19,1
twitter_status,2018-08-22,1
twitter_status,2018-08-15,3
twitter_status,2018-08-16,3
twitter_status,2018-08-14,2
twitter_status,2018-08-24,5
twitter_status,2018-08-29,2
twitter_status,2018-08-28,1
twitter_status,2018-08-30,3
twitter_status,2018-08-23,2
twitter_status,2018-08-27,1
twitter_status,2018-08-26,3
twitter_status,2018-08-25,1
twitter_status,2018-09-06,13
twitter_status,2018-09-03,3
twitter_status,2018-09-04,2
twitter_status,2018-09-02,1
twitter_status,2018-09-07,1
twitter_status,2018-09-08,1
twitter_status,2018-09-01,1
twitter_status,2018-09-12,10
twitter_status,2018-09-17,2
twitter_status,2018-09-13,1
twitter_status,2018-09-16,3
twitter_status,2018-09-11,3
twitter_status,2018-09-14,1
twitter_status,2018-09-10,1
twitter_status,2018-09-20,2
twitter_status,2018-09-26,1
twitter_status,2018-09-19,5
twitter_status,2018-09-24,1
twitter_status,2018-09-25,1
twitter_status,2018-09-21,2
twitter_status,2018-10-03,10
twitter_status,2018-09-30,4
twitter_status,2018-10-01,2
twitter_status,2018-10-06,2
twitter_status,2018-10-05,1
twitter_status,2018-10-15,14
twitter_status,2018-10-14,80
twitter_status,2018-10-13,3
twitter_status,2018-10-10,2
twitter_status,2018-10-11,2
twitter_status,2018-10-12,1
twitter_status,2018-10-08,14
twitter_status,2018-10-09,9
twitter_status,2018-10-21,2
twitter_status,2018-10-23,2
twitter_status,2018-10-24,2
twitter_status,2018-10-20,1
twitter_status,2018-10-18,1
twitter_status,2018-10-22,1
twitter_status,2018-11-02,28
twitter_status,2018-10-31,8
twitter_status,2018-11-01,3
twitter_status,2018-10-30,9
twitter_status,2018-10-29,1
twitter_status,2018-11-05,4
twitter_status,2018-11-03,1
twitter_status,2018-11-04,2
twitter_status,2018-11-10,5
twitter_status,2018-11-09,4
twitter_status,2018-11-08,3
twitter_status,2018-11-06,1
twitter_status,2018-11-07,1
twitter_status,2018-11-16,2
twitter_status,2018-11-12,1
twitter_status,2018-11-13,1
twitter_status,2018-11-20,1
twitter_status,2018-11-14,1
twitter_status,2018-11-17,1
twitter_status,2018-11-24,2
twitter_status,2018-11-26,5
twitter_status,2018-11-25,3
twitter_status,2018-11-23,6
twitter_status,2018-11-27,4
twitter_status,2018-11-29,1
twitter_status,2018-11-21,10
twitter_status,2018-11-22,9
twitter_status,2018-12-08,8
twitter_status,2018-12-05,2
twitter_status,2018-12-02,6
twitter_status,2018-11-30,2
twitter_status,2018-12-06,2
twitter_status,2018-12-07,2
twitter_status,2018-12-14,26
twitter_status,2018-12-15,7
twitter_status,2018-12-13,2
twitter_status,2018-12-09,1
twitter_status,2018-12-22,1
twitter_status,2018-12-21,7
twitter_status,2018-12-24,1
twitter_status,2018-12-28,3
twitter_status,2017-01-03,25
twitter_status,2017-01-24,14
twitter_status,2017-01-26,5
twitter_status,2017-01-21,18
twitter_status,2017-01-27,7
twitter_status,2017-01-25,8
twitter_status,2017-02-05,10
twitter_status,2017-01-29,4
twitter_status,2017-01-28,8
twitter_status,2017-02-11,6
twitter_status,2017-02-16,16
twitter_status,2017-04-22,22
twitter_status,2017-04-25,19
twitter_status,2017-04-19,15
twitter_status,2017-04-24,9
twitter_status,2017-05-04,18
twitter_status,2017-04-28,42
twitter_status,2017-05-01,18
twitter_status,2017-05-02,14
twitter_status,2017-05-08,34
twitter_status,2017-05-07,5
twitter_status,2017-05-12,8
twitter_status,2017-05-20,6
twitter_status,2017-05-18,15
twitter_status,2017-05-19,5
twitter_status,2017-05-31,5
twitter_status,2017-06-02,8
twitter_status,2017-06-01,3
twitter_status,2017-05-25,2
twitter_status,2017-06-05,20
twitter_status,2017-06-04,2
twitter_status,2017-06-12,5
twitter_status,2017-06-21,6
twitter_status,2017-06-24,7
twitter_status,2017-07-13,544
twitter_status,2017-07-28,4
twitter_status,2017-08-08,16
twitter_status,2017-08-09,13
twitter_status,2017-08-17,47
twitter_status,2017-09-14,18
twitter_status,2017-09-27,11
twitter_status,2017-09-22,3
twitter_status,2017-09-28,4
twitter_status,2017-11-02,33
twitter_status,2017-11-01,36
twitter_status,2017-11-10,11
twitter_status,2017-11-09,27
twitter_status,2017-11-06,22
twitter_status,2017-11-05,3
twitter_status,2017-11-11,12
twitter_status,2017-11-08,4
twitter_status,2017-11-04,10
twitter_status,2017-12-12,22
twitter_status,2017-12-10,4
twitter_status,2017-12-20,5
twitter_status,2017-01-06,3
twitter_status,2017-01-07,2
twitter_status,2017-01-09,2
twitter_status,2017-01-08,1
twitter_status,2017-01-05,2
twitter_status,2017-01-04,1
twitter_status,2017-01-16,4
twitter_status,2017-01-14,4
twitter_status,2017-01-18,4
twitter_status,2017-01-12,3
twitter_status,2017-01-15,3
twitter_status,2017-01-13,1
twitter_status,2017-01-11,7
twitter_status,2017-01-10,4
twitter_status,2017-01-20,6
twitter_status,2017-02-03,2
twitter_status,2017-02-01,3
twitter_status,2017-02-04,1
twitter_status,2017-02-02,2
twitter_status,2017-02-07,2
twitter_status,2017-02-14,2
twitter_status,2017-02-08,3
twitter_status,2017-02-13,4
twitter_status,2017-02-06,1
twitter_status,2017-02-10,1
twitter_status,2017-02-20,7
twitter_status,2017-02-22,3
twitter_status,2017-02-17,7
twitter_status,2017-02-19,2
twitter_status,2017-02-21,3
twitter_status,2017-02-18,1
twitter_status,2017-02-23,2
twitter_status,2017-02-15,2
twitter_status,2017-02-26,2
twitter_status,2017-03-03,1
twitter_status,2017-03-04,4
twitter_status,2017-02-27,1
twitter_status,2017-02-28,1
twitter_status,2017-02-25,1
twitter_status,2017-02-24,2
twitter_status,2017-03-01,1
twitter_status,2017-03-02,1
twitter_status,2017-03-09,2
twitter_status,2017-03-10,2
twitter_status,2017-03-13,1
twitter_status,2017-03-08,4
twitter_status,2017-03-12,1
twitter_status,2017-03-05,1
twitter_status,2017-03-06,1
twitter_status,2017-03-11,2
twitter_status,2017-03-19,4
twitter_status,2017-03-15,4
twitter_status,2017-03-22,7
twitter_status,2017-03-21,3
twitter_status,2017-03-14,2
twitter_status,2017-03-16,1
twitter_status,2017-03-25,3
twitter_status,2017-03-29,3
twitter_status,2017-03-24,10
twitter_status,2017-03-30,3
twitter_status,2017-03-26,2
twitter_status,2017-03-31,1
twitter_status,2017-03-28,1
twitter_status,2017-03-23,3
twitter_status,2017-04-03,3
twitter_status,2017-04-06,3
twitter_status,2017-04-07,1
twitter_status,2017-04-09,3
twitter_status,2017-04-08,2
twitter_status,2017-04-01,1
twitter_status,2017-04-02,2
twitter_status,2017-04-12,2
twitter_status,2017-04-10,1
twitter_status,2017-04-18,2
twitter_status,2017-04-15,5
twitter_status,2017-04-11,4
twitter_status,2017-04-16,5
twitter_status,2017-04-17,1
twitter_status,2017-04-26,1
twitter_status,2017-04-21,4
twitter_status,2017-05-06,5
twitter_status,2017-05-05,5
twitter_status,2017-04-29,8
twitter_status,2017-04-30,1
twitter_status,2017-05-14,5
twitter_status,2017-05-13,2
twitter_status,2017-05-11,1
twitter_status,2017-05-10,1
twitter_status,2017-05-09,1
twitter_status,2017-05-23,7
twitter_status,2017-05-22,1
twitter_status,2017-05-21,2
twitter_status,2017-05-24,2
twitter_status,2017-05-17,4
twitter_status,2017-05-26,3
twitter_status,2017-05-29,1
twitter_status,2017-05-30,2
twitter_status,2017-06-11,5
twitter_status,2017-06-06,5
twitter_status,2017-06-09,1
twitter_status,2017-06-08,4
twitter_status,2017-06-07,1
twitter_status,2017-06-03,3
twitter_status,2017-06-19,11
twitter_status,2017-06-18,17
twitter_status,2017-06-20,2
twitter_status,2017-06-17,1
twitter_status,2017-06-13,2
twitter_status,2017-06-15,4
twitter_status,2017-06-16,1
twitter_status,2017-06-25,5
twitter_status,2017-06-29,11
twitter_status,2017-06-27,1
twitter_status,2017-06-22,1
twitter_status,2017-06-23,1
twitter_status,2017-07-03,5
twitter_status,2017-07-06,4
twitter_status,2017-07-04,4
twitter_status,2017-07-08,2
twitter_status,2017-07-02,7
twitter_status,2017-07-01,1
twitter_status,2017-07-16,2
twitter_status,2017-07-17,12
twitter_status,2017-07-15,8
twitter_status,2017-07-14,28
twitter_status,2017-07-12,30
twitter_status,2017-07-11,2
twitter_status,2017-07-09,4
twitter_status,2017-07-10,2
twitter_status,2017-07-21,6
twitter_status,2017-07-20,17
twitter_status,2017-07-22,6
twitter_status,2017-07-24,2
twitter_status,2017-07-25,2
twitter_status,2017-07-26,2
twitter_status,2017-07-19,11
twitter_status,2017-07-18,2
twitter_status,2017-08-04,14
twitter_status,2017-08-03,3
twitter_status,2017-08-02,29
twitter_status,2017-08-01,38
twitter_status,2017-07-30,13
twitter_status,2017-07-31,7
twitter_status,2017-07-29,4
twitter_status,2017-08-13,24
twitter_status,2017-08-10,5
twitter_status,2017-08-11,5
twitter_status,2017-08-07,12
twitter_status,2017-08-05,4
twitter_status,2017-08-06,4
twitter_status,2017-08-18,8
twitter_status,2017-08-19,3
twitter_status,2017-08-21,1
twitter_status,2017-08-16,12
twitter_status,2017-08-14,3
twitter_status,2017-08-29,14
twitter_status,2017-08-30,7
twitter_status,2017-08-23,2
twitter_status,2017-08-28,2
twitter_status,2017-08-27,9
twitter_status,2017-08-25,2
twitter_status,2017-08-26,1
twitter_status,2017-09-06,4
twitter_status,2017-09-09,7
twitter_status,2017-09-01,2
twitter_status,2017-09-03,2
twitter_status,2017-09-02,3
twitter_status,2017-09-04,2
twitter_status,2017-09-08,1
twitter_status,2017-09-07,1
twitter_status,2017-09-15,2
twitter_status,2017-09-17,1
twitter_status,2017-09-13,2
twitter_status,2017-09-11,7
twitter_status,2017-09-12,3
twitter_status,2017-09-19,4
twitter_status,2017-09-20,2
twitter_status,2017-09-25,1
twitter_status,2017-09-24,1
twitter_status,2017-09-30,1
twitter_status,2017-10-06,4
twitter_status,2017-10-05,1
twitter_status,2017-10-03,1
twitter_status,2017-10-01,2
twitter_status,2017-10-04,1
twitter_status,2017-10-19,3
twitter_status,2017-10-21,4
twitter_status,2017-10-17,5
twitter_status,2017-10-20,4
twitter_status,2017-10-23,2
twitter_status,2017-10-18,1
twitter_status,2017-10-22,3
twitter_status,2017-10-16,3
twitter_status,2017-10-25,7
twitter_status,2017-10-29,2
twitter_status,2017-10-27,1
twitter_status,2017-10-30,1
twitter_status,2017-10-28,1
twitter_status,2017-11-07,1
twitter_status,2017-11-03,2
twitter_status,2017-11-14,3
twitter_status,2017-11-18,5
twitter_status,2017-11-19,7
twitter_status,2017-11-13,1
twitter_status,2017-11-12,1
twitter_status,2017-11-16,1
twitter_status,2017-11-15,1
twitter_status,2017-11-17,1
twitter_status,2017-11-23,5
twitter_status,2017-11-29,3
twitter_status,2017-11-24,3
twitter_status,2017-11-26,1
twitter_status,2017-11-21,7
twitter_status,2017-11-22,3
twitter_status,2017-11-25,3
twitter_status,2017-11-28,1
twitter_status,2017-11-30,4
twitter_status,2017-12-04,3
twitter_status,2017-12-03,3
twitter_status,2017-12-02,1
twitter_status,2017-12-01,1
twitter_status,2017-12-13,2
twitter_status,2017-12-16,1
twitter_status,2017-12-22,2
twitter_status,2017-12-24,1
twitter_status,2017-12-26,1
twitter_status,2017-12-30,2
twitter_status,2017-12-29,1
twitter_status,2016-01-08,19
twitter_status,2016-01-18,26
twitter_status,2016-01-17,14
twitter_status,2016-01-24,22
twitter_status,2016-01-25,28
twitter_status,2016-01-27,17
twitter_status,2016-01-19,20
twitter_status,2016-01-22,7
twitter_status,2016-01-20,13
twitter_status,2016-02-04,12
twitter_status,2016-02-05,20
twitter_status,2016-02-03,18
twitter_status,2016-02-02,11
twitter_status,2016-02-13,17
twitter_status,2016-02-14,22
twitter_status,2016-02-06,15
twitter_status,2016-02-18,15
twitter_status,2016-02-29,16
twitter_status,2016-03-01,19
twitter_status,2016-03-20,19
twitter_status,2016-03-14,16
twitter_status,2016-03-15,4
twitter_status,2016-04-11,9
twitter_status,2016-04-21,25
twitter_status,2016-05-04,25
twitter_status,2016-05-05,33
twitter_status,2016-05-03,25
twitter_status,2016-05-02,39
twitter_status,2016-05-08,23
twitter_status,2016-05-06,14
twitter_status,2016-05-12,7
twitter_status,2016-05-09,6
twitter_status,2016-05-11,7
twitter_status,2016-05-14,4
twitter_status,2016-05-07,38
twitter_status,2016-05-27,7
twitter_status,2016-06-07,6
twitter_status,2016-06-02,16
twitter_status,2016-06-17,5
twitter_status,2016-06-15,5
twitter_status,2016-06-18,4
twitter_status,2016-06-20,16
twitter_status,2016-07-16,6
twitter_status,2016-07-20,53
twitter_status,2016-07-25,26
twitter_status,2016-07-19,18
twitter_status,2016-08-01,27
twitter_status,2016-07-31,8
twitter_status,2016-08-18,14
twitter_status,2016-08-17,4
twitter_status,2016-09-04,19
twitter_status,2016-09-06,19
twitter_status,2016-09-05,25
twitter_status,2016-09-02,29
twitter_status,2016-09-03,21
twitter_status,2016-09-07,11
twitter_status,2016-09-08,8
twitter_status,2016-09-01,7
twitter_status,2016-09-12,10
twitter_status,2016-09-11,9
twitter_status,2016-09-14,23
twitter_status,2016-09-09,12
twitter_status,2016-09-16,10
twitter_status,2016-09-10,4
twitter_status,2016-09-26,42
twitter_status,2016-09-25,14
twitter_status,2016-09-24,12
twitter_status,2016-09-23,38
twitter_status,2016-09-20,17
twitter_status,2016-09-19,10
twitter_status,2016-09-22,35
twitter_status,2016-09-21,9
twitter_status,2016-09-18,14
twitter_status,2016-10-02,16
twitter_status,2016-10-05,12
twitter_status,2016-10-03,5
twitter_status,2016-10-10,9
twitter_status,2016-10-11,9
twitter_status,2016-10-20,40
twitter_status,2016-10-19,6
twitter_status,2016-10-30,17
twitter_status,2016-10-31,9
twitter_status,2016-10-26,12
twitter_status,2016-10-27,5
twitter_status,2016-11-05,30
twitter_status,2016-11-02,6
twitter_status,2016-11-08,5
twitter_status,2016-11-06,20
twitter_status,2016-11-03,7
twitter_status,2016-11-04,12
twitter_status,2016-11-18,15
twitter_status,2016-11-17,7
twitter_status,2016-12-04,29
twitter_status,2016-12-03,19
twitter_status,2016-12-02,4
twitter_status,2016-12-09,6
twitter_status,2016-12-10,13
twitter_status,2016-01-09,15
twitter_status,2016-01-05,9
twitter_status,2016-01-06,4
twitter_status,2016-01-07,3
twitter_status,2016-01-01,13
twitter_status,2016-01-04,12
twitter_status,2016-01-03,8
twitter_status,2016-01-02,6
twitter_status,2015-12-31,27
twitter_status,2016-01-16,4
twitter_status,2016-01-15,6
twitter_status,2016-01-13,10
twitter_status,2016-01-14,9
twitter_status,2016-01-11,6
twitter_status,2016-01-10,26
twitter_status,2016-01-12,1
twitter_status,2016-01-26,6
twitter_status,2016-01-23,6
twitter_status,2016-01-21,3
twitter_status,2016-01-31,9
twitter_status,2016-01-30,13
twitter_status,2016-02-01,2
twitter_status,2016-01-29,8
twitter_status,2016-01-28,2
twitter_status,2016-02-10,6
twitter_status,2016-02-12,6
twitter_status,2016-02-09,4
twitter_status,2016-02-11,1
twitter_status,2016-02-07,6
twitter_status,2016-02-08,8
twitter_status,2016-02-20,6
twitter_status,2016-02-21,3
twitter_status,2016-02-19,3
twitter_status,2016-02-22,5
twitter_status,2016-02-23,5
twitter_status,2016-02-17,9
twitter_status,2016-02-15,4
twitter_status,2016-02-16,3
twitter_status,2016-03-03,5
twitter_status,2016-03-02,7
twitter_status,2016-02-28,5
twitter_status,2016-02-27,7
twitter_status,2016-02-25,3
twitter_status,2016-02-24,3
twitter_status,2016-02-26,5
twitter_status,2016-03-10,13
twitter_status,2016-03-09,5
twitter_status,2016-03-11,4
twitter_status,2016-03-12,3
twitter_status,2016-03-08,8
twitter_status,2016-03-06,3
twitter_status,2016-03-07,3
twitter_status,2016-03-05,6
twitter_status,2016-03-04,8
twitter_status,2016-03-21,13
twitter_status,2016-03-18,5
twitter_status,2016-03-19,4
twitter_status,2016-03-17,11
twitter_status,2016-03-16,13
twitter_status,2016-03-13,3
twitter_status,2016-03-30,31
twitter_status,2016-03-28,3
twitter_status,2016-03-27,6
twitter_status,2016-03-29,3
twitter_status,2016-03-26,5
twitter_status,2016-03-24,8
twitter_status,2016-03-25,3
twitter_status,2016-03-23,4
twitter_status,2016-03-22,18
twitter_status,2016-04-08,10
twitter_status,2016-04-07,8
twitter_status,2016-04-06,13
twitter_status,2016-04-05,27
twitter_status,2016-04-03,30
twitter_status,2016-04-04,3
twitter_status,2016-04-01,19
twitter_status,2016-04-02,5
twitter_status,2016-03-31,11
twitter_status,2016-04-17,5
twitter_status,2016-04-14,5
twitter_status,2016-04-16,5
twitter_status,2016-04-15,8
twitter_status,2016-04-13,21
twitter_status,2016-04-12,3
twitter_status,2016-04-09,2
twitter_status,2016-04-10,1
twitter_status,2016-04-23,4
twitter_status,2016-04-26,2
twitter_status,2016-04-24,3
twitter_status,2016-04-25,4
twitter_status,2016-04-22,5
twitter_status,2016-04-20,11
twitter_status,2016-04-18,16
twitter_status,2016-04-19,5
twitter_status,2016-05-01,1
twitter_status,2016-04-29,5
twitter_status,2016-04-27,5
twitter_status,2016-04-28,2
twitter_status,2016-04-30,2
twitter_status,2016-05-10,6
twitter_status,2016-05-13,3
twitter_status,2016-05-23,13
twitter_status,2016-05-22,4
twitter_status,2016-05-19,11
twitter_status,2016-05-21,6
twitter_status,2016-05-20,4
twitter_status,2016-05-18,8
twitter_status,2016-05-17,1
twitter_status,2016-05-15,1
twitter_status,2016-05-28,12
twitter_status,2016-06-01,8
twitter_status,2016-05-30,3
twitter_status,2016-05-31,4
twitter_status,2016-05-29,1
twitter_status,2016-05-24,2
twitter_status,2016-05-25,7
twitter_status,2016-05-26,1
twitter_status,2016-06-08,2
twitter_status,2016-06-10,2
twitter_status,2016-06-03,5
twitter_status,2016-06-09,3
twitter_status,2016-06-05,4
twitter_status,2016-06-06,1
twitter_status,2016-06-04,1
twitter_status,2016-06-12,7
twitter_status,2016-06-19,5
twitter_status,2016-06-13,2
twitter_status,2016-06-16,1
twitter_status,2016-06-14,2
twitter_status,2016-06-11,4
twitter_status,2016-06-22,1
twitter_status,2016-06-21,3
twitter_status,2016-06-26,2
twitter_status,2016-06-28,1
twitter_status,2016-06-25,1
twitter_status,2016-06-27,1
twitter_status,2016-07-02,3
twitter_status,2016-07-05,4
twitter_status,2016-07-06,6
twitter_status,2016-07-03,5
twitter_status,2016-07-04,2
twitter_status,2016-06-29,4
twitter_status,2016-07-24,6
twitter_status,2016-07-23,4
twitter_status,2016-07-21,4
twitter_status,2016-07-22,1
twitter_status,2016-07-17,1
twitter_status,2016-07-18,6
twitter_status,2016-08-02,4
twitter_status,2016-08-03,12
twitter_status,2016-07-30,7
twitter_status,2016-07-29,2
twitter_status,2016-07-28,4
twitter_status,2016-07-27,3
twitter_status,2016-07-26,2
twitter_status,2016-08-10,8
twitter_status,2016-08-11,7
twitter_status,2016-08-12,6
twitter_status,2016-08-09,11
twitter_status,2016-08-08,9
twitter_status,2016-08-07,4
twitter_status,2016-08-05,5
twitter_status,2016-08-06,5
twitter_status,2016-08-04,5
twitter_status,2016-08-20,8
twitter_status,2016-08-19,7
twitter_status,2016-08-21,5
twitter_status,2016-08-16,8
twitter_status,2016-08-13,8
twitter_status,2016-08-14,5
twitter_status,2016-08-15,4
twitter_status,2016-08-28,7
twitter_status,2016-08-27,13
twitter_status,2016-08-29,4
twitter_status,2016-08-30,2
twitter_status,2016-08-24,5
twitter_status,2016-08-25,6
twitter_status,2016-08-26,5
twitter_status,2016-08-22,5
twitter_status,2016-08-23,3
twitter_status,2016-08-31,6
twitter_status,2016-09-17,23
twitter_status,2016-09-15,6
twitter_status,2016-09-13,6
twitter_status,2016-10-04,1
twitter_status,2016-09-28,3
twitter_status,2016-10-01,7
twitter_status,2016-09-29,2
twitter_status,2016-09-30,3
twitter_status,2016-09-27,4
twitter_status,2016-10-09,4
twitter_status,2016-10-12,3
twitter_status,2016-10-14,3
twitter_status,2016-10-08,2
twitter_status,2016-10-07,1
twitter_status,2016-10-06,5
twitter_status,2016-10-23,9
twitter_status,2016-10-22,3
twitter_status,2016-10-21,3
twitter_status,2016-10-18,12
twitter_status,2016-10-15,4
twitter_status,2016-10-17,1
twitter_status,2016-10-16,3
twitter_status,2016-11-01,5
twitter_status,2016-10-29,2
twitter_status,2016-10-28,6
twitter_status,2016-10-25,3
twitter_status,2016-10-24,1
twitter_status,2016-11-10,1
twitter_status,2016-11-09,3
twitter_status,2016-11-07,10
twitter_status,2016-11-19,17
twitter_status,2016-11-15,3
twitter_status,2016-11-12,3
twitter_status,2016-11-13,4
twitter_status,2016-11-16,2
twitter_status,2016-11-14,1
twitter_status,2016-11-27,11
twitter_status,2016-11-23,6
twitter_status,2016-11-26,2
twitter_status,2016-11-25,1
twitter_status,2016-11-20,3
twitter_status,2016-12-07,9
twitter_status,2016-12-06,2
twitter_status,2016-12-05,1
twitter_status,2016-11-29,1
twitter_status,2016-12-12,2
twitter_status,2016-12-11,3
twitter_status,2016-12-15,1
twitter_status,2016-12-13,4
twitter_status,2016-12-16,2
twitter_status,2016-12-08,2
twitter_status,2016-12-23,3
twitter_status,2016-12-22,2
twitter_status,2016-12-18,4
twitter_status,2016-12-25,2
twitter_status,2016-12-21,3
twitter_status,2016-12-17,1
twitter_status,2016-12-19,1
twitter_status,2016-12-30,3
twitter_status,2016-12-29,3
twitter_status,2016-12-28,2
twitter_status,2016-12-26,2
twitter_status,2016-12-27,2
twitter_status,2015-01-05,32
twitter_status,2015-01-09,63
twitter_status,2015-01-07,8
twitter_status,2015-01-08,20
twitter_status,2015-01-01,37
twitter_status,2015-01-04,14
twitter_status,2015-01-02,28
twitter_status,2015-01-15,94
twitter_status,2015-01-16,54
twitter_status,2015-01-14,16
twitter_status,2015-01-13,69
twitter_status,2015-01-12,9
twitter_status,2015-01-11,49
twitter_status,2015-01-10,18
twitter_status,2015-01-27,73
twitter_status,2015-01-26,110
twitter_status,2015-01-24,59
twitter_status,2015-01-23,47
twitter_status,2015-01-21,34
twitter_status,2015-01-22,59
twitter_status,2015-01-20,62
twitter_status,2015-02-05,60
twitter_status,2015-02-03,52
twitter_status,2015-02-04,16
twitter_status,2015-01-31,69
twitter_status,2015-02-01,30
twitter_status,2015-02-02,27
twitter_status,2015-01-30,86
twitter_status,2015-01-29,55
twitter_status,2015-01-28,176
twitter_status,2015-02-14,51
twitter_status,2015-02-12,59
twitter_status,2015-02-10,55
twitter_status,2015-02-11,26
twitter_status,2015-02-07,74
twitter_status,2015-02-08,21
twitter_status,2015-02-06,11
twitter_status,2015-02-23,91
twitter_status,2015-02-21,30
twitter_status,2015-02-22,13
twitter_status,2015-02-19,53
twitter_status,2015-02-20,21
twitter_status,2015-02-16,16
twitter_status,2015-02-17,11
twitter_status,2015-02-15,11
twitter_status,2015-03-03,54
twitter_status,2015-03-02,21
twitter_status,2015-03-04,25
twitter_status,2015-02-28,43
twitter_status,2015-03-01,44
twitter_status,2015-03-09,43
twitter_status,2015-03-05,23
twitter_status,2015-03-07,12
twitter_status,2015-03-22,35
twitter_status,2015-03-20,67
twitter_status,2015-03-18,40
twitter_status,2015-03-16,92
twitter_status,2015-03-14,11
twitter_status,2015-03-31,38
twitter_status,2015-03-29,47
twitter_status,2015-03-28,22
twitter_status,2015-03-27,63
twitter_status,2015-03-24,53
twitter_status,2015-03-25,21
twitter_status,2015-03-26,12
twitter_status,2015-03-23,35
twitter_status,2015-04-09,39
twitter_status,2015-04-07,53
twitter_status,2015-04-08,22
twitter_status,2015-04-06,25
twitter_status,2015-04-04,31
twitter_status,2015-04-05,14
twitter_status,2015-04-02,50
twitter_status,2015-04-03,20
twitter_status,2015-04-16,29
twitter_status,2015-04-15,39
twitter_status,2015-04-17,28
twitter_status,2015-04-12,21
twitter_status,2015-04-11,15
twitter_status,2015-04-10,18
twitter_status,2015-04-26,18
twitter_status,2015-04-21,48
twitter_status,2015-04-27,12
twitter_status,2015-04-25,25
twitter_status,2015-04-19,51
twitter_status,2015-04-20,16
twitter_status,2015-05-05,35
twitter_status,2015-05-02,43
twitter_status,2015-05-06,24
twitter_status,2015-05-03,12
twitter_status,2015-05-04,16
twitter_status,2015-04-30,43
twitter_status,2015-05-01,30
twitter_status,2015-04-28,62
twitter_status,2015-05-15,41
twitter_status,2015-05-13,21
twitter_status,2015-05-12,20
twitter_status,2015-05-11,27
twitter_status,2015-05-07,30
twitter_status,2015-05-10,20
twitter_status,2015-05-09,20
twitter_status,2015-05-20,31
twitter_status,2015-05-24,5
twitter_status,2015-05-22,29
twitter_status,2015-05-23,7
twitter_status,2015-05-19,42
twitter_status,2015-05-17,9
twitter_status,2015-05-18,21
twitter_status,2015-05-30,21
twitter_status,2015-05-28,19
twitter_status,2015-06-01,18
twitter_status,2015-05-27,42
twitter_status,2015-05-29,36
twitter_status,2015-05-31,10
twitter_status,2015-06-02,11
twitter_status,2015-05-26,14
twitter_status,2015-05-25,54
twitter_status,2015-06-08,26
twitter_status,2015-06-09,15
twitter_status,2015-06-11,98
twitter_status,2015-06-07,20
twitter_status,2015-06-10,29
twitter_status,2015-06-03,28
twitter_status,2015-06-05,30
twitter_status,2015-06-06,15
twitter_status,2015-06-18,20
twitter_status,2015-06-19,13
twitter_status,2015-06-16,27
twitter_status,2015-06-20,21
twitter_status,2015-06-15,18
twitter_status,2015-06-12,38
twitter_status,2015-06-13,25
twitter_status,2015-06-14,8
twitter_status,2015-06-29,39
twitter_status,2015-06-28,102
twitter_status,2015-06-27,7
twitter_status,2015-06-26,33
twitter_status,2015-06-22,65
twitter_status,2015-06-25,36
twitter_status,2015-06-24,22
twitter_status,2015-06-23,21
twitter_status,2015-06-21,19
twitter_status,2015-07-03,13
twitter_status,2015-06-30,11
twitter_status,2015-07-08,7
twitter_status,2015-07-01,11
twitter_status,2015-07-07,8
twitter_status,2015-07-02,7
twitter_status,2015-07-14,126
twitter_status,2015-07-17,16
twitter_status,2015-07-13,549
twitter_status,2015-07-12,253
twitter_status,2015-07-15,11
twitter_status,2015-07-20,42
twitter_status,2015-07-23,26
twitter_status,2015-07-26,11
twitter_status,2015-07-25,8
twitter_status,2015-08-04,124
twitter_status,2015-08-01,56
twitter_status,2015-08-03,67
twitter_status,2015-08-02,59
twitter_status,2015-07-27,20
twitter_status,2015-07-31,96
twitter_status,2015-07-29,8
twitter_status,2015-07-28,24
twitter_status,2015-07-30,8
twitter_status,2015-08-11,46
twitter_status,2015-08-10,60
twitter_status,2015-08-13,42
twitter_status,2015-08-12,51
twitter_status,2015-08-08,58
twitter_status,2015-08-06,31
twitter_status,2015-08-05,72
twitter_status,2015-08-09,36
twitter_status,2015-08-07,38
twitter_status,2015-08-22,88
twitter_status,2015-08-21,94
twitter_status,2015-08-20,146
twitter_status,2015-08-19,151
twitter_status,2015-08-17,29
twitter_status,2015-08-18,54
twitter_status,2015-08-16,153
twitter_status,2015-08-14,69
twitter_status,2015-08-15,18
twitter_status,2015-08-31,289
twitter_status,2015-08-30,102
twitter_status,2015-08-28,136
twitter_status,2015-08-29,25
twitter_status,2015-08-27,210
twitter_status,2015-08-26,121
twitter_status,2015-08-25,259
twitter_status,2015-08-24,225
twitter_status,2015-08-23,35
twitter_status,2015-09-09,390
twitter_status,2015-09-08,280
twitter_status,2015-09-07,323
twitter_status,2015-09-06,313
twitter_status,2015-09-05,263
twitter_status,2015-09-04,257
twitter_status,2015-09-03,326
twitter_status,2015-09-02,297
twitter_status,2015-09-01,259
twitter_status,2015-09-14,281
twitter_status,2015-09-15,48
twitter_status,2015-09-16,31
twitter_status,2015-09-17,14
twitter_status,2015-09-18,11
twitter_status,2015-09-13,461
twitter_status,2015-09-12,456
twitter_status,2015-09-11,293
twitter_status,2015-09-10,569
twitter_status,2015-09-26,16
twitter_status,2015-09-23,22
twitter_status,2015-09-22,14
twitter_status,2015-09-20,29
twitter_status,2015-09-27,6
twitter_status,2015-09-19,23
twitter_status,2015-09-25,17
twitter_status,2015-10-02,19
twitter_status,2015-09-28,17
twitter_status,2015-10-05,44
twitter_status,2015-10-06,27
twitter_status,2015-10-01,13
twitter_status,2015-10-14,12
twitter_status,2015-10-08,21
twitter_status,2015-10-09,23
twitter_status,2015-10-24,24
twitter_status,2015-10-18,14
twitter_status,2015-11-01,25
twitter_status,2015-10-31,41
twitter_status,2015-11-11,100
twitter_status,2015-11-05,46
twitter_status,2015-11-06,22
twitter_status,2015-11-09,36
twitter_status,2015-11-08,17
twitter_status,2015-11-07,20
twitter_status,2015-11-04,179
twitter_status,2015-11-03,77
twitter_status,2015-11-19,189
twitter_status,2015-11-20,47
twitter_status,2015-11-17,68
twitter_status,2015-11-18,32
twitter_status,2015-11-13,89
twitter_status,2015-11-15,23
twitter_status,2015-11-12,29
twitter_status,2015-11-29,40
twitter_status,2015-11-28,16
twitter_status,2015-11-27,9
twitter_status,2015-11-26,32
twitter_status,2015-11-25,30
twitter_status,2015-11-24,27
twitter_status,2015-11-21,38
twitter_status,2015-11-23,13
twitter_status,2015-11-22,20
twitter_status,2015-12-08,21
twitter_status,2015-12-06,27
twitter_status,2015-12-05,20
twitter_status,2015-12-07,17
twitter_status,2015-12-02,44
twitter_status,2015-12-04,22
twitter_status,2015-12-01,22
twitter_status,2015-12-03,16
twitter_status,2015-11-30,29
twitter_status,2015-12-13,63
twitter_status,2015-12-14,25
twitter_status,2015-12-15,14
twitter_status,2015-12-12,12
twitter_status,2015-12-16,24
twitter_status,2015-12-17,34
twitter_status,2015-12-11,57
twitter_status,2015-12-10,31
twitter_status,2015-12-09,24
twitter_status,2015-12-23,17
twitter_status,2015-12-21,39
twitter_status,2015-12-18,23
twitter_status,2015-12-20,21
twitter_status,2015-12-25,5
twitter_status,2015-12-29,21
twitter_status,2015-12-28,4
twitter_status,2015-12-30,15
twitter_status,2015-01-06,4
twitter_status,2015-01-03,7
twitter_status,2014-12-31,48
twitter_status,2015-01-17,15
twitter_status,2015-01-18,12
twitter_status,2015-01-25,9
twitter_status,2015-01-19,8
twitter_status,2015-02-13,17
twitter_status,2015-02-09,20
twitter_status,2015-02-18,15
twitter_status,2015-02-27,6
twitter_status,2015-02-26,13
twitter_status,2015-02-25,9
twitter_status,2015-02-24,5
twitter_status,2015-03-12,16
twitter_status,2015-03-13,8
twitter_status,2015-03-10,7
twitter_status,2015-03-11,11
twitter_status,2015-03-08,9
twitter_status,2015-03-06,11
twitter_status,2015-03-21,6
twitter_status,2015-03-19,21
twitter_status,2015-03-17,9
twitter_status,2015-03-15,9
twitter_status,2015-03-30,9
twitter_status,2015-04-01,14
twitter_status,2015-04-18,20
twitter_status,2015-04-14,10
twitter_status,2015-04-13,10
twitter_status,2015-04-24,10
twitter_status,2015-04-23,12
twitter_status,2015-04-22,16
twitter_status,2015-04-29,16
twitter_status,2015-05-14,6
twitter_status,2015-05-08,10
twitter_status,2015-05-21,12
twitter_status,2015-05-16,14
twitter_status,2015-06-04,4
twitter_status,2015-06-17,4
twitter_status,2015-07-06,2
twitter_status,2015-07-05,1
twitter_status,2015-07-04,2
twitter_status,2015-07-16,8
twitter_status,2015-07-11,12
twitter_status,2015-07-10,4
twitter_status,2015-07-09,9
twitter_status,2015-07-24,12
twitter_status,2015-07-22,7
twitter_status,2015-07-21,11
twitter_status,2015-07-19,19
twitter_status,2015-07-18,2
twitter_status,2015-09-24,11
twitter_status,2015-09-21,6
twitter_status,2015-10-03,12
twitter_status,2015-10-04,14
twitter_status,2015-09-30,19
twitter_status,2015-09-29,13
twitter_status,2015-10-13,12
twitter_status,2015-10-15,5
twitter_status,2015-10-12,7
twitter_status,2015-10-11,12
twitter_status,2015-10-10,15
twitter_status,2015-10-07,16
twitter_status,2015-10-23,10
twitter_status,2015-10-21,14
twitter_status,2015-10-22,4
twitter_status,2015-10-20,6
twitter_status,2015-10-19,1
twitter_status,2015-10-16,11
twitter_status,2015-10-17,7
twitter_status,2015-11-02,16
twitter_status,2015-10-29,11
twitter_status,2015-10-30,5
twitter_status,2015-10-27,7
twitter_status,2015-10-28,7
twitter_status,2015-10-26,9
twitter_status,2015-10-25,4
twitter_status,2015-11-10,14
twitter_status,2015-11-16,7
twitter_status,2015-11-14,22
twitter_status,2015-12-24,4
twitter_status,2015-12-26,5
twitter_status,2015-12-22,3
twitter_status,2015-12-19,10
twitter_status,2015-12-27,3
twitter_status,2014-02-04,12
twitter_status,2014-03-13,164
twitter_status,2014-03-12,134
twitter_status,2014-03-11,91
twitter_status,2014-03-10,218
twitter_status,2014-03-09,195
twitter_status,2014-03-08,177
twitter_status,2014-03-07,578
twitter_status,2014-03-22,118
twitter_status,2014-03-21,107
twitter_status,2014-03-20,110
twitter_status,2014-03-19,125
twitter_status,2014-03-18,92
twitter_status,2014-03-17,102
twitter_status,2014-03-16,96
twitter_status,2014-03-15,160
twitter_status,2014-03-14,100
twitter_status,2014-03-31,65
twitter_status,2014-03-30,64
twitter_status,2014-03-29,126
twitter_status,2014-03-28,63
twitter_status,2014-03-27,98
twitter_status,2014-03-26,78
twitter_status,2014-03-25,43
twitter_status,2014-03-24,57
twitter_status,2014-03-23,41
twitter_status,2014-04-09,118
twitter_status,2014-04-08,117
twitter_status,2014-04-07,219
twitter_status,2014-04-06,197
twitter_status,2014-04-05,196
twitter_status,2014-04-04,159
twitter_status,2014-04-03,27
twitter_status,2014-04-02,121
twitter_status,2014-04-01,130
twitter_status,2014-04-18,189
twitter_status,2014-04-17,127
twitter_status,2014-04-16,165
twitter_status,2014-04-15,254
twitter_status,2014-04-14,189
twitter_status,2014-04-13,140
twitter_status,2014-04-12,195
twitter_status,2014-04-11,164
twitter_status,2014-04-10,208
twitter_status,2014-04-27,165
twitter_status,2014-04-26,144
twitter_status,2014-04-25,159
twitter_status,2014-04-24,136
twitter_status,2014-04-23,101
twitter_status,2014-04-22,126
twitter_status,2014-04-21,112
twitter_status,2014-04-20,151
twitter_status,2014-04-19,168
twitter_status,2014-05-06,119
twitter_status,2014-05-05,95
twitter_status,2014-05-04,90
twitter_status,2014-05-03,190
twitter_status,2014-05-02,97
twitter_status,2014-05-01,153
twitter_status,2014-04-30,129
twitter_status,2014-04-29,119
twitter_status,2014-04-28,163
twitter_status,2014-05-15,118
twitter_status,2014-05-14,137
twitter_status,2014-05-13,146
twitter_status,2014-05-12,170
twitter_status,2014-05-11,135
twitter_status,2014-05-10,97
twitter_status,2014-05-09,162
twitter_status,2014-05-08,152
twitter_status,2014-05-07,160
twitter_status,2014-05-24,203
twitter_status,2014-05-22,92
twitter_status,2014-05-23,66
twitter_status,2014-05-21,100
twitter_status,2014-05-20,90
twitter_status,2014-05-19,103
twitter_status,2014-05-18,31
twitter_status,2014-05-17,138
twitter_status,2014-05-16,109
twitter_status,2014-06-02,126
twitter_status,2014-06-01,182
twitter_status,2014-05-31,140
twitter_status,2014-05-30,117
twitter_status,2014-05-29,135
twitter_status,2014-05-28,104
twitter_status,2014-05-27,113
twitter_status,2014-05-26,82
twitter_status,2014-05-25,103
twitter_status,2014-06-11,435
twitter_status,2014-06-10,639
twitter_status,2014-06-09,540
twitter_status,2014-06-08,864
twitter_status,2014-06-07,848
twitter_status,2014-06-06,449
twitter_status,2014-06-05,496
twitter_status,2014-06-04,578
twitter_status,2014-06-03,418
twitter_status,2014-06-18,81
twitter_status,2014-06-19,43
twitter_status,2014-06-20,45
twitter_status,2014-06-17,145
twitter_status,2014-06-16,287
twitter_status,2014-06-15,760
twitter_status,2014-06-14,815
twitter_status,2014-06-13,642
twitter_status,2014-06-12,608
twitter_status,2014-06-27,19
twitter_status,2014-06-28,71
twitter_status,2014-06-29,66
twitter_status,2014-06-26,72
twitter_status,2014-06-25,37
twitter_status,2014-06-24,128
twitter_status,2014-06-22,56
twitter_status,2014-06-23,49
twitter_status,2014-06-21,89
twitter_status,2014-07-08,51
twitter_status,2014-07-07,42
twitter_status,2014-07-06,15
twitter_status,2014-07-05,13
twitter_status,2014-07-02,28
twitter_status,2014-06-30,13
twitter_status,2014-07-04,43
twitter_status,2014-07-03,21
twitter_status,2014-07-01,9
twitter_status,2014-07-17,119
twitter_status,2014-07-16,97
twitter_status,2014-07-15,83
twitter_status,2014-07-14,71
twitter_status,2014-07-13,1236
twitter_status,2014-07-12,49
twitter_status,2014-07-11,62
twitter_status,2014-07-10,41
twitter_status,2014-07-09,32
twitter_status,2014-07-26,89
twitter_status,2014-07-25,42
twitter_status,2014-07-24,57
twitter_status,2014-07-23,18
twitter_status,2014-07-22,101
twitter_status,2014-07-21,41
twitter_status,2014-07-20,55
twitter_status,2014-07-19,30
twitter_status,2014-07-18,26
twitter_status,2014-08-03,44
twitter_status,2014-08-04,67
twitter_status,2014-08-02,50
twitter_status,2014-08-01,38
twitter_status,2014-07-31,58
twitter_status,2014-07-30,40
twitter_status,2014-07-29,64
twitter_status,2014-07-28,53
twitter_status,2014-08-12,29
twitter_status,2014-08-13,78
twitter_status,2014-08-11,70
twitter_status,2014-08-09,87
twitter_status,2014-08-10,9
twitter_status,2014-08-08,71
twitter_status,2014-08-07,60
twitter_status,2014-08-05,106
twitter_status,2014-08-22,145
twitter_status,2014-08-20,79
twitter_status,2014-08-21,9
twitter_status,2014-08-16,83
twitter_status,2014-08-14,18
twitter_status,2014-08-15,29
twitter_status,2014-08-30,36
twitter_status,2014-08-29,105
twitter_status,2014-08-31,11
twitter_status,2014-08-27,78
twitter_status,2014-08-28,13
twitter_status,2014-08-24,88
twitter_status,2014-08-23,31
twitter_status,2014-09-06,22
twitter_status,2014-09-04,6
twitter_status,2014-09-07,10
twitter_status,2014-09-08,4
twitter_status,2014-09-02,40
twitter_status,2014-09-03,4
twitter_status,2014-09-18,78
twitter_status,2014-09-17,61
twitter_status,2014-09-16,338
twitter_status,2014-09-13,90
twitter_status,2014-09-14,13
twitter_status,2014-09-15,21
twitter_status,2014-09-11,73
twitter_status,2014-09-12,53
twitter_status,2014-09-10,18
twitter_status,2014-09-24,37
twitter_status,2014-09-27,31
twitter_status,2014-09-23,39
twitter_status,2014-09-20,61
twitter_status,2014-09-21,29
twitter_status,2014-09-19,69
twitter_status,2014-10-06,89
twitter_status,2014-10-04,66
twitter_status,2014-09-29,40
twitter_status,2014-10-03,13
twitter_status,2014-09-28,55
twitter_status,2014-10-14,85
twitter_status,2014-10-08,29
twitter_status,2014-10-11,27
twitter_status,2014-10-10,36
twitter_status,2014-10-07,33
twitter_status,2014-10-20,59
twitter_status,2014-10-19,41
twitter_status,2014-10-18,38
twitter_status,2014-10-16,14
twitter_status,2014-10-29,24
twitter_status,2014-10-26,24
twitter_status,2014-11-01,4
twitter_status,2014-10-31,2
twitter_status,2014-11-08,4
twitter_status,2014-11-09,12
twitter_status,2014-11-07,13
twitter_status,2014-11-10,1
twitter_status,2014-11-05,1
twitter_status,2014-11-06,2
twitter_status,2014-11-18,50
twitter_status,2014-11-17,69
twitter_status,2014-11-13,43
twitter_status,2014-11-14,41
twitter_status,2014-11-15,23
twitter_status,2014-11-29,28
twitter_status,2014-11-28,46
twitter_status,2014-11-25,34
twitter_status,2014-11-21,82
twitter_status,2014-11-23,10
twitter_status,2014-11-24,8
twitter_status,2014-12-08,10
twitter_status,2014-12-07,4
twitter_status,2014-12-06,18
twitter_status,2014-12-05,19
twitter_status,2014-12-02,14
twitter_status,2014-12-04,6
twitter_status,2014-12-01,9
twitter_status,2014-11-30,1
twitter_status,2014-12-17,21
twitter_status,2014-12-16,49
twitter_status,2014-12-15,24
twitter_status,2014-12-11,84
twitter_status,2014-12-12,23
twitter_status,2014-12-09,59
twitter_status,2014-12-24,48
twitter_status,2014-12-26,40
twitter_status,2014-12-22,25
twitter_status,2014-12-19,54
twitter_status,2014-12-21,20
twitter_status,2014-12-20,28
twitter_status,2014-12-18,18
twitter_status,2014-12-28,32
twitter_status,2014-12-30,8
twitter_status,2014-12-27,2
twitter_status,2014-01-07,22
twitter_status,2014-01-09,3
twitter_status,2014-01-08,5
twitter_status,2014-01-06,17
twitter_status,2014-01-04,12
twitter_status,2014-01-05,5
twitter_status,2014-01-03,23
twitter_status,2014-01-01,10
twitter_status,2014-01-02,12
twitter_status,2013-12-31,6
twitter_status,2014-01-17,6
twitter_status,2014-01-18,2
twitter_status,2014-01-16,9
twitter_status,2014-01-13,7
twitter_status,2014-01-15,3
twitter_status,2014-01-12,14
twitter_status,2014-01-10,5
twitter_status,2014-01-24,11
twitter_status,2014-01-27,1
twitter_status,2014-01-26,6
twitter_status,2014-01-25,1
twitter_status,2014-01-23,5
twitter_status,2014-01-21,3
twitter_status,2014-01-22,6
twitter_status,2014-01-20,1
twitter_status,2014-01-19,2
twitter_status,2014-02-03,8
twitter_status,2014-02-05,4
twitter_status,2014-02-01,21
twitter_status,2014-02-02,4
twitter_status,2014-01-28,4
twitter_status,2014-01-31,1
twitter_status,2014-01-29,3
twitter_status,2014-02-13,10
twitter_status,2014-02-14,10
twitter_status,2014-02-12,9
twitter_status,2014-02-10,6
twitter_status,2014-02-09,5
twitter_status,2014-02-11,2
twitter_status,2014-02-06,7
twitter_status,2014-02-07,2
twitter_status,2014-02-08,1
twitter_status,2014-02-23,8
twitter_status,2014-02-22,7
twitter_status,2014-02-20,8
twitter_status,2014-02-21,3
twitter_status,2014-02-18,6
twitter_status,2014-02-17,2
twitter_status,2014-02-19,6
twitter_status,2014-02-16,3
twitter_status,2014-02-15,5
twitter_status,2014-02-27,5
twitter_status,2014-03-02,3
twitter_status,2014-03-01,3
twitter_status,2014-03-03,6
twitter_status,2014-03-04,5
twitter_status,2014-02-24,5
twitter_status,2014-02-25,4
twitter_status,2014-02-26,1
twitter_status,2014-03-06,5
twitter_status,2014-07-27,18
twitter_status,2014-08-06,8
twitter_status,2014-08-19,8
twitter_status,2014-08-18,11
twitter_status,2014-08-17,15
twitter_status,2014-08-26,9
twitter_status,2014-08-25,12
twitter_status,2014-09-25,10
twitter_status,2014-09-26,17
twitter_status,2014-09-22,14
twitter_status,2014-10-05,16
twitter_status,2014-10-02,13
twitter_status,2014-10-01,9
twitter_status,2014-09-30,12
twitter_status,2014-10-15,14
twitter_status,2014-10-13,12
twitter_status,2014-10-12,9
twitter_status,2014-10-09,16
twitter_status,2014-10-24,11
twitter_status,2014-10-22,6
twitter_status,2014-10-23,4
twitter_status,2014-10-21,13
twitter_status,2014-10-17,20
twitter_status,2014-11-20,13
twitter_status,2014-11-19,11
twitter_status,2014-11-16,10
twitter_status,2014-11-12,14
twitter_status,2014-11-11,2
twitter_status,2014-11-27,12
twitter_status,2014-11-26,8
twitter_status,2014-11-22,22
twitter_status,2014-12-14,3
twitter_status,2014-12-13,14
twitter_status,2014-12-10,10
twitter_status,2014-12-25,5
twitter_status,2014-12-23,3
twitter_status,2012-12-31,70
twitter_status,2013-01-07,25
twitter_status,2013-01-14,31
twitter_status,2013-01-12,21
twitter_status,2013-01-19,84
twitter_status,2013-01-20,97
twitter_status,2013-01-21,25
twitter_status,2013-01-24,28
twitter_status,2013-02-02,15
twitter_status,2013-02-01,11
twitter_status,2013-02-04,2
twitter_status,2013-01-28,3
twitter_status,2013-02-08,20
twitter_status,2013-03-04,6
twitter_status,2013-02-25,4
twitter_status,2013-03-08,16
twitter_status,2013-03-12,22
twitter_status,2013-03-11,41
twitter_status,2013-03-06,9
twitter_status,2013-03-18,43
twitter_status,2013-03-17,39
twitter_status,2013-03-30,154
twitter_status,2013-03-31,20
twitter_status,2013-03-29,151
twitter_status,2013-03-28,144
twitter_status,2013-03-27,186
twitter_status,2013-03-26,199
twitter_status,2013-03-25,90
twitter_status,2013-04-09,301
twitter_status,2013-04-08,111
twitter_status,2013-04-03,50
twitter_status,2013-04-07,71
twitter_status,2013-04-02,49
twitter_status,2013-04-01,101
twitter_status,2013-04-12,88
twitter_status,2013-04-10,142
twitter_status,2013-04-11,62
twitter_status,2013-04-26,76
twitter_status,2013-04-24,79
twitter_status,2013-04-27,12
twitter_status,2013-05-13,70
twitter_status,2013-05-10,141
twitter_status,2013-05-15,32
twitter_status,2013-05-09,131
twitter_status,2013-05-07,13
twitter_status,2013-05-20,166
twitter_status,2013-05-23,55
twitter_status,2013-05-19,162
twitter_status,2013-06-02,21
twitter_status,2013-05-30,29
twitter_status,2013-05-29,12
twitter_status,2013-05-28,40
twitter_status,2013-05-27,20
twitter_status,2013-05-26,10
twitter_status,2013-06-11,457
twitter_status,2013-06-10,78
twitter_status,2013-06-08,16
twitter_status,2013-06-07,35
twitter_status,2013-06-05,5
twitter_status,2013-06-03,21
twitter_status,2013-06-04,14
twitter_status,2013-06-17,169
twitter_status,2013-06-16,685
twitter_status,2013-06-15,814
twitter_status,2013-06-14,484
twitter_status,2013-06-13,666
twitter_status,2013-06-12,342
twitter_status,2013-06-29,73
twitter_status,2013-06-28,12
twitter_status,2013-06-27,48
twitter_status,2013-06-26,42
twitter_status,2013-06-22,10
twitter_status,2013-06-23,2
twitter_status,2013-07-05,60
twitter_status,2013-07-01,37
twitter_status,2013-07-17,107
twitter_status,2013-07-16,139
twitter_status,2013-07-12,729
twitter_status,2013-07-30,46
twitter_status,2013-08-08,35
twitter_status,2013-08-07,31
twitter_status,2013-08-22,18
twitter_status,2013-08-30,155
twitter_status,2013-08-28,83
twitter_status,2013-08-26,61
twitter_status,2013-08-24,99
twitter_status,2013-08-23,190
twitter_status,2013-09-17,32
twitter_status,2013-09-16,52
twitter_status,2013-09-15,2
twitter_status,2013-09-10,2
twitter_status,2013-10-04,14
twitter_status,2013-10-02,12
twitter_status,2013-09-30,8
twitter_status,2013-10-01,10
twitter_status,2013-09-29,8
twitter_status,2013-11-07,4
twitter_status,2013-11-05,4
twitter_status,2013-11-18,119
twitter_status,2013-11-25,32
twitter_status,2013-12-05,17
twitter_status,2013-01-09,16
twitter_status,2013-01-08,5
twitter_status,2013-01-06,8
twitter_status,2013-01-04,13
twitter_status,2013-01-05,6
twitter_status,2013-01-01,54
twitter_status,2013-01-03,12
twitter_status,2013-01-02,6
twitter_status,2013-01-18,11
twitter_status,2013-01-16,10
twitter_status,2013-01-17,10
twitter_status,2013-01-15,11
twitter_status,2013-01-13,7
twitter_status,2013-01-11,19
twitter_status,2013-01-10,11
twitter_status,2013-01-27,17
twitter_status,2013-01-26,12
twitter_status,2013-01-25,9
twitter_status,2013-01-23,24
twitter_status,2013-01-22,17
twitter_status,2013-02-13,5
twitter_status,2013-02-14,7
twitter_status,2013-02-12,29
twitter_status,2013-02-11,16
twitter_status,2013-02-10,10
twitter_status,2013-02-09,10
twitter_status,2013-02-07,10
twitter_status,2013-02-06,5
twitter_status,2013-02-18,21
twitter_status,2013-02-23,4
twitter_status,2013-02-21,9
twitter_status,2013-02-22,7
twitter_status,2013-02-20,28
twitter_status,2013-02-19,5
twitter_status,2013-02-17,17
twitter_status,2013-02-16,7
twitter_status,2013-02-15,7
twitter_status,2013-03-13,18
twitter_status,2013-03-10,12
twitter_status,2013-03-09,5
twitter_status,2013-03-07,13
twitter_status,2013-03-05,8
twitter_status,2013-03-21,14
twitter_status,2013-03-22,5
twitter_status,2013-03-20,3
twitter_status,2013-03-19,10
twitter_status,2013-03-15,22
twitter_status,2013-03-16,11
twitter_status,2013-03-14,17
twitter_status,2013-03-24,11
twitter_status,2013-03-23,7
twitter_status,2013-04-06,38
twitter_status,2013-04-05,15
twitter_status,2013-04-04,10
twitter_status,2013-04-17,18
twitter_status,2013-04-18,12
twitter_status,2013-04-16,26
twitter_status,2013-04-15,17
twitter_status,2013-04-14,15
twitter_status,2013-04-13,28
twitter_status,2013-04-25,16
twitter_status,2013-04-23,9
twitter_status,2013-04-22,8
twitter_status,2013-04-21,12
twitter_status,2013-04-20,8
twitter_status,2013-04-19,23
twitter_status,2013-05-14,23
twitter_status,2013-05-12,2
twitter_status,2013-05-11,6
twitter_status,2013-05-08,34
twitter_status,2013-05-06,8
twitter_status,2013-05-24,12
twitter_status,2013-05-22,18
twitter_status,2013-05-21,20
twitter_status,2013-05-18,14
twitter_status,2013-05-17,12
twitter_status,2013-05-16,26
twitter_status,2013-06-19,28
twitter_status,2013-06-20,8
twitter_status,2013-06-18,60
twitter_status,2013-07-07,6
twitter_status,2013-07-08,7
twitter_status,2013-07-06,11
twitter_status,2013-07-04,6
twitter_status,2013-07-03,15
twitter_status,2013-07-02,9
twitter_status,2013-06-30,35
twitter_status,2013-07-15,7
twitter_status,2013-07-13,274
twitter_status,2013-07-14,9
twitter_status,2013-07-11,6
twitter_status,2013-07-10,7
twitter_status,2013-07-09,7
twitter_status,2013-07-23,11
twitter_status,2013-08-03,3
twitter_status,2013-08-02,5
twitter_status,2013-07-31,4
twitter_status,2013-08-01,2
twitter_status,2013-08-04,7
twitter_status,2013-07-27,4
twitter_status,2013-07-28,5
twitter_status,2013-08-09,8
twitter_status,2013-08-10,10
twitter_status,2013-08-11,1
twitter_status,2013-08-13,5
twitter_status,2013-08-06,1
twitter_status,2013-08-05,1
twitter_status,2013-08-31,8
twitter_status,2013-08-29,23
twitter_status,2013-08-27,9
twitter_status,2013-08-25,4
twitter_status,2013-09-09,6
twitter_status,2013-09-07,12
twitter_status,2013-09-08,10
twitter_status,2013-09-06,16
twitter_status,2013-09-05,18
twitter_status,2013-09-04,18
twitter_status,2013-09-03,19
twitter_status,2013-09-02,8
twitter_status,2013-09-01,3
twitter_status,2013-10-07,37
twitter_status,2013-10-08,30
twitter_status,2013-10-14,16
twitter_status,2013-10-15,7
twitter_status,2013-10-13,15
twitter_status,2013-10-12,13
twitter_status,2013-10-11,7
twitter_status,2013-10-10,6
twitter_status,2013-10-09,26
twitter_status,2013-10-23,11
twitter_status,2013-10-22,5
twitter_status,2013-10-24,2
twitter_status,2013-10-21,3
twitter_status,2013-10-18,8
twitter_status,2013-10-17,8
twitter_status,2013-10-20,3
twitter_status,2013-10-19,1
twitter_status,2013-10-16,4
twitter_status,2013-11-19,20
twitter_status,2013-11-20,13
twitter_status,2013-11-16,8
twitter_status,2013-11-15,5
twitter_status,2013-11-17,4
twitter_status,2013-11-13,26
twitter_status,2013-11-14,5
twitter_status,2013-11-12,7
twitter_status,2013-11-28,9
twitter_status,2013-11-27,5
twitter_status,2013-11-26,3
twitter_status,2013-11-29,1
twitter_status,2013-11-24,8
twitter_status,2013-11-23,9
twitter_status,2013-11-22,9
twitter_status,2013-11-21,6
twitter_status,2013-12-06,11
twitter_status,2013-12-07,5
twitter_status,2013-12-08,2
twitter_status,2013-12-02,2
twitter_status,2013-12-04,3
twitter_status,2013-12-03,3
twitter_status,2013-11-30,4
twitter_status,2013-12-01,3
twitter_status,2013-12-12,9
twitter_status,2013-12-17,2
twitter_status,2013-12-15,3
twitter_status,2013-12-14,4
twitter_status,2013-12-16,2
twitter_status,2013-12-13,3
twitter_status,2013-12-10,6
twitter_status,2013-12-09,1
twitter_status,2013-12-11,1
twitter_status,2013-12-29,8
twitter_status,2013-12-27,5
twitter_status,2013-12-28,1
twitter_status,2013-12-26,1
twitter_status,2012-01-06,37
twitter_status,2012-01-09,63
twitter_status,2012-01-05,159
twitter_status,2012-01-04,71
twitter_status,2012-01-17,3
twitter_status,2012-01-18,23
twitter_status,2012-01-16,7
twitter_status,2012-01-15,12
twitter_status,2012-01-12,1
twitter_status,2012-01-11,1
twitter_status,2012-01-10,1
twitter_status,2012-01-26,148
twitter_status,2012-01-27,35
twitter_status,2012-01-25,75
twitter_status,2012-01-24,415
twitter_status,2012-01-23,62
twitter_status,2012-01-22,140
twitter_status,2012-01-19,395
twitter_status,2012-01-20,167
twitter_status,2012-02-05,43
twitter_status,2012-02-03,82
twitter_status,2012-02-02,71
twitter_status,2012-02-04,73
twitter_status,2012-02-01,197
twitter_status,2012-01-30,316
twitter_status,2012-01-31,174
twitter_status,2012-01-29,91
twitter_status,2012-01-28,195
twitter_status,2012-02-14,123
twitter_status,2012-02-13,152
twitter_status,2012-02-12,61
twitter_status,2012-02-10,159
twitter_status,2012-02-11,46
twitter_status,2012-02-07,90
twitter_status,2012-02-09,105
twitter_status,2012-02-08,72
twitter_status,2012-02-06,61
twitter_status,2012-02-21,9
twitter_status,2012-02-22,4
twitter_status,2012-02-23,9
twitter_status,2012-02-17,4
twitter_status,2012-02-19,5
twitter_status,2012-02-18,4
twitter_status,2012-02-16,7
twitter_status,2012-02-20,1
twitter_status,2012-02-15,5
twitter_status,2012-03-02,9
twitter_status,2012-03-01,4
twitter_status,2012-03-03,7
twitter_status,2012-02-29,5
twitter_status,2012-02-27,22
twitter_status,2012-02-28,5
twitter_status,2012-02-26,3
twitter_status,2012-02-24,11
twitter_status,2012-02-25,3
twitter_status,2012-03-12,227
twitter_status,2012-03-07,20
twitter_status,2012-03-10,27
twitter_status,2012-03-06,118
twitter_status,2012-03-08,34
twitter_status,2012-03-11,15
twitter_status,2012-03-05,67
twitter_status,2012-03-04,22
twitter_status,2012-04-06,7
twitter_status,2012-04-08,3
twitter_status,2012-04-04,3
twitter_status,2012-04-03,10
twitter_status,2012-04-05,1
twitter_status,2012-04-07,1
twitter_status,2012-04-02,5
twitter_status,2012-04-01,2
twitter_status,2012-03-31,5
twitter_status,2012-04-22,33
twitter_status,2012-04-23,43
twitter_status,2012-04-21,33
twitter_status,2012-04-24,27
twitter_status,2012-04-25,30
twitter_status,2012-04-18,35
twitter_status,2012-04-20,49
twitter_status,2012-05-03,76
twitter_status,2012-05-04,40
twitter_status,2012-05-05,28
twitter_status,2012-05-02,51
twitter_status,2012-05-01,72
twitter_status,2012-04-30,41
twitter_status,2012-04-28,49
twitter_status,2012-04-29,15
twitter_status,2012-05-08,32
twitter_status,2012-05-13,27
twitter_status,2012-05-12,34
twitter_status,2012-05-09,37
twitter_status,2012-05-14,28
twitter_status,2012-05-11,23
twitter_status,2012-05-10,29
twitter_status,2012-05-07,35
twitter_status,2012-05-06,21
twitter_status,2012-06-07,10
twitter_status,2012-06-08,12
twitter_status,2012-06-10,9
twitter_status,2012-06-02,4
twitter_status,2012-06-17,40
twitter_status,2012-06-14,24
twitter_status,2012-06-16,25
twitter_status,2012-06-12,120
twitter_status,2012-06-18,40
twitter_status,2012-06-13,11
twitter_status,2012-06-11,118
twitter_status,2012-06-25,41
twitter_status,2012-06-23,62
twitter_status,2012-06-22,47
twitter_status,2012-06-28,78
twitter_status,2012-06-27,41
twitter_status,2012-06-21,19
twitter_status,2012-07-16,832
twitter_status,2012-07-13,1359
twitter_status,2012-07-14,210
twitter_status,2012-07-12,1166
twitter_status,2012-07-10,47
twitter_status,2012-07-09,18
twitter_status,2012-07-24,48
twitter_status,2012-07-21,66
twitter_status,2012-07-20,51
twitter_status,2012-07-25,19
twitter_status,2012-07-23,57
twitter_status,2012-07-22,14
twitter_status,2012-07-19,50
twitter_status,2012-07-18,61
twitter_status,2012-07-27,24
twitter_status,2012-07-31,17
twitter_status,2012-07-30,29
twitter_status,2012-07-28,22
twitter_status,2012-08-01,11
twitter_status,2012-07-26,9
twitter_status,2012-08-10,7
twitter_status,2012-08-12,27
twitter_status,2012-08-06,3
twitter_status,2012-08-09,1
twitter_status,2012-08-08,4
twitter_status,2012-08-04,3
twitter_status,2012-08-05,1
twitter_status,2012-08-20,108
twitter_status,2012-08-19,547
twitter_status,2012-08-21,12
twitter_status,2012-08-15,27
twitter_status,2012-08-18,93
twitter_status,2012-08-17,21
twitter_status,2012-08-14,23
twitter_status,2012-08-13,154
twitter_status,2012-08-27,61
twitter_status,2012-08-23,26
twitter_status,2012-08-24,19
twitter_status,2012-09-08,140
twitter_status,2012-09-07,84
twitter_status,2012-08-31,52
twitter_status,2012-09-01,45
twitter_status,2012-09-06,23
twitter_status,2012-09-04,44
twitter_status,2012-09-02,13
twitter_status,2012-09-05,13
twitter_status,2012-09-14,8
twitter_status,2012-09-16,3
twitter_status,2012-09-12,2
twitter_status,2012-09-11,2
twitter_status,2012-09-17,9
twitter_status,2012-09-10,4
twitter_status,2012-09-09,2
twitter_status,2012-09-21,77
twitter_status,2012-10-01,27
twitter_status,2012-10-05,33
twitter_status,2012-09-28,15
twitter_status,2012-09-30,28
twitter_status,2012-09-29,7
twitter_status,2012-10-14,381
twitter_status,2012-10-13,240
twitter_status,2012-10-12,232
twitter_status,2012-10-10,205
twitter_status,2012-10-08,47
twitter_status,2012-10-09,24
twitter_status,2012-10-22,21
twitter_status,2012-10-20,34
twitter_status,2012-10-18,12
twitter_status,2012-10-21,15
twitter_status,2012-10-23,24
twitter_status,2012-10-16,17
twitter_status,2012-10-15,63
twitter_status,2012-10-19,15
twitter_status,2012-10-30,16
twitter_status,2012-11-01,22
twitter_status,2012-10-29,18
twitter_status,2012-10-27,6
twitter_status,2012-10-26,4
twitter_status,2012-10-24,4
twitter_status,2012-11-02,16
twitter_status,2012-11-09,12
twitter_status,2012-11-05,10
twitter_status,2012-11-03,6
twitter_status,2012-11-04,4
twitter_status,2012-11-15,47
twitter_status,2012-11-17,26
twitter_status,2012-11-12,17
twitter_status,2012-11-21,14
twitter_status,2012-11-24,27
twitter_status,2012-11-27,29
twitter_status,2012-11-26,36
twitter_status,2012-11-25,25
twitter_status,2012-12-02,33
twitter_status,2012-12-06,46
twitter_status,2012-12-01,10
twitter_status,2012-12-14,5
twitter_status,2012-12-13,3
twitter_status,2012-12-21,12
twitter_status,2012-12-24,14
twitter_status,2012-12-17,21
twitter_status,2012-12-28,131
twitter_status,2012-01-08,43
twitter_status,2012-01-07,30
twitter_status,2012-01-03,45
twitter_status,2012-01-02,28
twitter_status,2012-01-01,31
twitter_status,2011-12-31,10
twitter_status,2012-01-21,35
twitter_status,2012-03-09,11
twitter_status,2012-03-14,49
twitter_status,2012-03-16,20
twitter_status,2012-03-17,52
twitter_status,2012-03-15,29
twitter_status,2012-03-19,23
twitter_status,2012-03-20,22
twitter_status,2012-03-13,20
twitter_status,2012-03-21,11
twitter_status,2012-03-18,17
twitter_status,2012-03-26,48
twitter_status,2012-03-27,26
twitter_status,2012-03-28,24
twitter_status,2012-03-29,39
twitter_status,2012-03-30,25
twitter_status,2012-03-23,96
twitter_status,2012-03-25,67
twitter_status,2012-03-22,27
twitter_status,2012-03-24,17
twitter_status,2012-04-13,8
twitter_status,2012-04-17,5
twitter_status,2012-04-11,4
twitter_status,2012-04-14,2
twitter_status,2012-04-10,8
twitter_status,2012-04-09,8
twitter_status,2012-04-26,7
twitter_status,2012-04-19,22
twitter_status,2012-04-27,15
twitter_status,2012-05-22,4
twitter_status,2012-05-23,8
twitter_status,2012-05-21,21
twitter_status,2012-05-17,6
twitter_status,2012-05-18,2
twitter_status,2012-05-20,1
twitter_status,2012-05-16,5
twitter_status,2012-05-15,7
twitter_status,2012-05-27,235
twitter_status,2012-05-28,26
twitter_status,2012-06-01,10
twitter_status,2012-05-31,16
twitter_status,2012-05-29,21
twitter_status,2012-05-26,123
twitter_status,2012-05-25,35
twitter_status,2012-05-24,40
twitter_status,2012-05-30,11
twitter_status,2012-06-19,12
twitter_status,2012-06-15,7
twitter_status,2012-06-26,28
twitter_status,2012-06-24,8
twitter_status,2012-06-20,7
twitter_status,2012-07-15,15
twitter_status,2012-07-11,6
twitter_status,2012-07-08,17
twitter_status,2012-07-07,2
twitter_status,2012-07-17,37
twitter_status,2012-08-02,12
twitter_status,2012-08-03,2
twitter_status,2012-07-29,15
twitter_status,2012-08-16,52
twitter_status,2012-08-29,8
twitter_status,2012-08-30,10
twitter_status,2012-08-28,21
twitter_status,2012-08-26,7
twitter_status,2012-08-25,4
twitter_status,2012-08-22,17
twitter_status,2012-09-03,11
twitter_status,2012-09-25,10
twitter_status,2012-09-26,13
twitter_status,2012-09-23,10
twitter_status,2012-09-24,12
twitter_status,2012-09-22,4
twitter_status,2012-09-20,36
twitter_status,2012-09-18,7
twitter_status,2012-09-19,1
twitter_status,2012-10-04,7
twitter_status,2012-10-03,10
twitter_status,2012-10-02,12
twitter_status,2012-09-27,9
twitter_status,2012-10-11,57
twitter_status,2012-10-07,6
twitter_status,2012-10-06,4
twitter_status,2012-10-17,23
twitter_status,2012-11-19,6
twitter_status,2012-11-18,1
twitter_status,2012-11-16,11
twitter_status,2012-11-14,6
twitter_status,2012-11-13,4
twitter_status,2012-11-11,10
twitter_status,2012-11-10,1
twitter_status,2012-11-28,8
twitter_status,2012-11-22,16
twitter_status,2012-11-23,9
twitter_status,2012-11-20,17
twitter_status,2012-12-07,16
twitter_status,2012-12-05,6
twitter_status,2012-12-04,7
twitter_status,2012-12-03,10
twitter_status,2012-11-30,8
twitter_status,2012-11-29,6
twitter_status,2012-12-23,2
twitter_status,2012-12-25,8
twitter_status,2012-12-20,14
twitter_status,2012-12-22,7
twitter_status,2012-12-19,11
twitter_status,2012-12-18,19
twitter_status,2012-12-30,29
twitter_status,2012-12-29,7
twitter_status,2012-12-27,43
twitter_status,2012-12-26,3
twitter_status,2021-01-30,1
twitter_status,2021-01-25,1
twitter_status,2021-01-13,5
twitter_status,2021-01-15,7
twitter_status,2021-01-11,2
twitter_status,2021-01-07,5
twitter_status,2021-01-08,3
twitter_status,2021-01-06,3
twitter_status,2021-01-05,1
twitter_status,2021-02-22,2
twitter_status,2021-02-23,5
twitter_status,2021-02-16,3
twitter_status,2021-02-15,1
twitter_status,2021-02-17,2
twitter_status,2021-02-21,1
twitter_status,2021-02-18,3
twitter_status,2021-02-07,1
twitter_status,2021-02-14,2
twitter_status,2021-02-13,1
twitter_status,2021-02-19,1
twitter_status,2021-02-02,3
twitter_status,2021-02-01,3
twitter_status,2021-02-04,2
twitter_status,2021-03-14,1
twitter_status,2021-05-25,5
twitter_status,2021-07-25,2
twitter_status,2021-08-19,4
twitter_status,2021-08-12,5
twitter_status,2021-09-29,2
twitter_status,2021-09-20,3
twitter_status,2021-09-13,4
twitter_status,2021-10-20,3
twitter_status,2021-10-25,4
twitter_status,2021-10-11,3
twitter_status,2021-10-01,6
twitter_status,2021-11-30,84
twitter_status,2021-11-25,1
twitter_status,2021-11-27,3
twitter_status,2021-11-19,9
twitter_status,2021-11-17,7
twitter_status,2021-11-18,1
twitter_status,2021-11-16,3
twitter_status,2021-11-13,6
twitter_status,2021-11-14,4
twitter_status,2021-11-12,4
twitter_status,2021-11-05,5
twitter_status,2021-11-02,10
twitter_status,2021-11-01,9
twitter_status,2021-12-23,948
twitter_status,2021-12-24,1492
twitter_status,2021-12-31,429
twitter_status,2021-12-29,621
twitter_status,2021-12-22,531
twitter_status,2021-12-15,1346
twitter_status,2021-12-16,3543
twitter_status,2021-12-14,1236
twitter_status,2021-12-08,2335
twitter_status,2021-12-09,2127
twitter_status,2021-12-07,1796
twitter_status,2021-12-05,435
twitter_status,2021-12-04,170
twitter_status,2021-12-01,1554
twitter_status,2021-12-02,34
twitter_status,2022-01-05,2320
twitter_status,2022-01-04,1062
twitter_status,2022-01-06,1598
twitter_status,2022-01-03,86
twitter_status,2022-01-11,2247
twitter_status,2022-01-12,3563
twitter_status,2022-01-01,148
twitter_status,2022-01-02,223
twitter_status,2021-12-30,370
twitter_status,2022-01-28,851
twitter_status,2022-01-27,909
twitter_status,2022-01-26,803
twitter_status,2022-01-25,1068
twitter_status,2022-01-24,694
twitter_status,2022-01-23,654
twitter_status,2022-01-22,666
twitter_status,2022-01-21,1277
twitter_status,2022-01-20,1146
twitter_status,2022-01-19,2457
twitter_status,2022-01-08,493
twitter_status,2022-01-07,1353
twitter_status,2022-01-18,4696
twitter_status,2022-01-10,1304
twitter_status,2022-01-17,278
twitter_status,2022-01-09,809
twitter_status,2022-01-16,190
twitter_status,2022-01-15,595
twitter_status,2022-01-14,475
twitter_status,2022-01-13,872
twitter_status,2021-12-19,515
twitter_status,2022-01-29,385
twitter_status,2022-02-05,247
youtube_comment,2021-07-26,10
youtube_comment,2021-07-22,8
youtube_comment,2021-07-15,8
youtube_comment,2021-06-27,6
youtube_comment,2021-06-23,10
youtube_comment,2021-06-17,12
youtube_comment,2021-06-14,6
youtube_comment,2021-06-12,172
youtube_comment,2021-06-11,4
youtube_comment,2021-06-08,6
youtube_comment,2021-06-06,14
youtube_comment,2021-06-01,8
youtube_comment,2021-05-31,26
youtube_comment,2021-05-20,12
youtube_comment,2021-05-18,10
youtube_comment,2021-05-15,2
youtube_comment,2021-05-11,34
youtube_comment,2021-05-05,2
youtube_comment,2021-05-01,2
youtube_comment,2021-04-30,2
youtube_comment,2021-04-29,10
youtube_comment,2021-04-28,18
youtube_comment,2021-04-26,84
youtube_comment,2021-04-25,10
youtube_comment,2021-04-24,26
youtube_comment,2021-04-23,22
youtube_comment,2021-04-22,54
youtube_comment,2021-04-21,144
youtube_comment,2021-04-20,362
youtube_comment,2021-07-20,12
youtube_comment,2021-07-23,10
youtube_comment,2021-05-19,12
youtube_comment,2021-06-29,8
youtube_comment,2021-05-02,6
youtube_comment,2021-05-03,20
youtube_comment,2021-06-03,4
youtube_comment,2021-06-02,18
youtube_comment,2021-04-27,18
youtube_comment,2021-05-22,4
youtube_comment,2021-05-09,4
youtube_comment,2021-05-16,22
youtube_comment,2021-06-13,14
youtube_comment,2021-06-16,18
youtube_comment,2021-06-30,12
youtube_comment,2021-05-07,12
youtube_comment,2021-05-23,16
youtube_comment,2021-06-19,8
youtube_comment,2021-07-19,14
youtube_comment,2021-07-08,4
youtube_comment,2021-07-01,4
youtube_comment,2021-06-22,2
youtube_comment,2021-06-18,2
youtube_comment,2021-06-07,8
youtube_comment,2021-06-05,2
youtube_comment,2021-06-04,10
youtube_comment,2021-05-24,10
youtube_comment,2021-05-12,16
youtube_comment,2021-04-14,54
youtube_comment,2021-04-13,192
youtube_comment,2021-06-21,4
youtube_comment,2021-07-03,4
youtube_comment,2021-05-14,24
youtube_comment,2021-05-13,26
youtube_comment,2021-06-28,4
youtube_comment,2021-04-16,12
youtube_comment,2021-04-15,20
youtube_comment,2021-04-17,4
youtube_comment,2021-05-28,8
youtube_comment,2021-05-10,2
youtube_comment,2021-04-19,4
youtube_comment,2021-03-05,4
youtube_comment,2021-02-26,10
youtube_comment,2021-02-24,97
youtube_comment,2021-02-25,12
youtube_comment,2021-02-27,20
youtube_comment,2021-03-17,4
youtube_comment,2021-03-03,2
youtube_comment,2021-11-19,121
youtube_comment,2021-11-21,12
youtube_comment,2021-11-18,11
youtube_comment,2021-11-22,4
youtube_comment,2022-01-23,10
youtube_comment,2022-01-04,5
youtube_comment,2021-12-10,14
youtube_comment,2021-12-08,32
youtube_comment,2022-01-19,2
youtube_comment,2021-12-12,6
youtube_comment,2021-12-09,12
youtube_comment,2021-12-07,53
youtube_comment,2022-01-21,2
youtube_comment,2022-01-18,4
youtube_comment,2022-01-17,3
youtube_comment,2022-02-10,2
youtube_comment,2022-01-26,4
youtube_comment,2022-01-24,4
youtube_comment,2021-12-14,2
youtube_comment,2021-12-13,2
youtube_comment,2021-12-27,2
youtube_comment,2022-02-09,2
youtube_comment,2021-11-13,10
youtube_comment,2021-11-12,32
youtube_comment,2021-11-11,35
youtube_comment,2021-11-23,4
youtube_comment,2021-11-16,6
youtube_comment,2021-11-17,4
youtube_comment,2021-12-18,2
youtube_comment,2021-11-20,50
youtube_comment,2021-12-04,2
youtube_comment,2021-11-24,2
youtube_comment,2021-12-01,6
youtube_comment,2021-12-05,2
youtube_comment,2021-11-26,2
youtube_comment,2022-01-22,2
youtube_comment,2021-10-26,6
youtube_comment,2021-10-19,6
youtube_comment,2021-10-17,8
youtube_comment,2021-12-28,4
youtube_comment,2021-11-06,3
youtube_comment,2021-10-20,6
youtube_comment,2021-10-14,4
youtube_comment,2021-10-16,2
youtube_comment,2021-10-10,24
youtube_comment,2021-10-11,22
youtube_comment,2021-10-09,136
youtube_comment,2021-10-08,241
youtube_comment,2021-10-18,10
youtube_comment,2021-10-12,4
youtube_comment,2021-10-13,2
youtube_video,2021-04-20,4
youtube_video,2021-04-13,2
youtube_video,2021-02-24,1
youtube_video,2021-02-01,3
youtube_video,2021-01-27,1
youtube_video,2021-01-25,1
youtube_video,2021-01-18,2
youtube_video,2021-01-13,1
youtube_video,2021-01-11,1
youtube_video,2021-01-08,1
youtube_video,2021-01-04,1
youtube_video,2021-03-01,3
youtube_video,2021-02-26,1
youtube_video,2021-02-22,1
youtube_video,2021-02-19,1
youtube_video,2021-02-15,1
youtube_video,2021-02-13,1
youtube_video,2021-02-08,1
youtube_video,2021-02-02,1
youtube_video,2021-03-29,2
youtube_video,2021-03-22,1
youtube_video,2021-03-15,1
youtube_video,2021-03-08,1
youtube_video,2021-03-05,1
youtube_video,2021-04-26,2
youtube_video,2021-04-19,1
youtube_video,2021-04-12,1
youtube_video,2021-04-11,1
youtube_video,2021-04-10,1
youtube_video,2021-04-05,1
youtube_video,2021-04-02,1
youtube_video,2021-05-31,2
youtube_video,2021-05-24,1
youtube_video,2021-05-22,1
youtube_video,2021-05-20,1
youtube_video,2021-05-19,1
youtube_video,2021-05-17,1
youtube_video,2021-05-12,1
youtube_video,2021-05-10,1
youtube_video,2021-05-03,1
youtube_video,2021-07-01,3
youtube_video,2021-06-28,1
youtube_video,2021-06-21,1
youtube_video,2021-06-14,1
youtube_video,2021-06-07,1
youtube_video,2021-06-05,1
youtube_video,2021-07-30,2
youtube_video,2021-07-26,1
youtube_video,2021-07-24,1
youtube_video,2021-07-23,1
youtube_video,2021-07-20,1
youtube_video,2021-07-19,1
youtube_video,2021-07-17,1
youtube_video,2021-07-12,1
youtube_video,2021-07-05,1
youtube_video,2021-08-30,2
youtube_video,2021-08-29,1
youtube_video,2021-08-23,1
youtube_video,2021-08-16,3
youtube_video,2021-08-09,1
youtube_video,2021-08-02,2
youtube_video,2021-10-01,3
youtube_video,2021-09-27,1
youtube_video,2021-09-25,1
youtube_video,2021-09-20,1
youtube_video,2021-09-19,1
youtube_video,2021-09-13,1
youtube_video,2021-09-06,1
youtube_video,2021-09-05,1
youtube_video,2021-11-01,3
youtube_video,2021-10-25,1
youtube_video,2021-10-22,1
youtube_video,2021-10-20,1
youtube_video,2021-10-18,1
youtube_video,2021-10-16,1
youtube_video,2021-10-11,3
youtube_video,2021-10-09,1
youtube_video,2021-10-04,1
youtube_video,2021-10-03,1
youtube_video,2021-11-29,2
youtube_video,2021-11-22,1
youtube_video,2021-11-20,1
youtube_video,2021-11-15,1
youtube_video,2021-11-13,3
youtube_video,2021-11-08,1
youtube_video,2021-11-06,1
youtube_video,2021-11-02,1
youtube_video,2021-12-27,2
youtube_video,2021-12-20,1
youtube_video,2021-12-13,1
youtube_video,2021-12-10,1
youtube_video,2021-12-08,1
youtube_video,2021-12-06,1
youtube_video,2021-12-03,1
youtube_video,2022-01-11,2
youtube_video,2022-01-10,1
youtube_video,2022-01-09,1
youtube_video,2022-01-05,1
youtube_video,2022-01-03,1
youtube_video,2022-01-24,4
youtube_video,2021-11-18,2
youtube_video,2021-12-07,1
youtube_video,2021-11-11,3
youtube_video,2021-11-19,2
youtube_video,2021-10-08,2
